"","day_num","max_temp","num_collisions"
"1","4",39,586
"2","5",19.4,705
"3","7",48.9,445
"4","3",57.9,502
"5","1",33.1,703
"6","3",45,514
"7","4",45,580
"8","1",16,412
"9","5",39.9,666
"10","4",59,592
"11","3",37.9,489
"12","3",39,579
"13","4",15.1,601
"14","5",34,644
"15","6",51.8,383
"16","7",48.9,376
"17","1",46,452
"18","1",48.9,584
"20","2",36,618
"21","7",42.1,411
"22","7",51.1,398
"23","2",43,681
"24","3",17.6,498
"25","4",19.4,612
"26","2",30,627
"27","4",46.9,451
"28","2",45,571
"29","5",51.1,524
"30","3",43,630
"31","5",39,596
"32","7",34,374
"33","5",44.6,589
"34","6",39,479
"35","4",44.1,504
"36","1",45,565
"37","6",34,520
"38","2",57.9,430
"39","3",46,553
"40","1",44.6,360
"41","7",35.6,380
"42","5",46,598
"43","4",41,521
"44","6",41,448
"45","6",39.9,533
"46","6",46.9,455
"49","3",41,625
"50","4",53.1,696
"52","5",44.1,518
"56","6",51.1,353
"57","4",32,561
"58","4",46,542
"59","5",36,667
"60","7",48.9,373
"61","2",46,497
"62","1",39,658
"63","4",48.9,610
"65","1",43,477
"66","4",34,519
"67","4",30,657
"70","1",50,559
"71","5",37.9,677
"73","3",46.9,583
"75","1",37.9,580
"77","4",39.9,508
"81","7",52,418
"82","3",30,645
"83","6",46.9,475
"84","1",34,507
"86","3",59,497
"87","4",34,548
"88","4",32,549
"89","7",37.9,490
"90","3",44.1,687
"91","3",48.9,487
"92","5",48.9,456
"93","7",48.9,411
"95","2",43,657
"96","7",55.9,412
"98","5",51.1,722
"100","2",36,617
"101","1",72,542
"103","6",48.9,475
"104","5",48.9,605
"105","2",37.9,597
"106","6",34,774
"107","3",50,508
"108","6",28,418
"111","4",46.9,681
"112","6",35.1,495
"114","2",33.1,556
"115","2",27,777
"120","3",39.9,495
"121","4",37.9,525
"122","5",44.6,602
"124","2",48,542
"129","2",37,571
"130","5",34,600
"132","1",54,568
"133","2",60.1,531
"135","5",44.1,660
"136","3",36,611
"138","2",44.1,637
"139","2",45,408
"140","1",25,669
"141","3",37.9,578
"142","2",52,559
"145","5",37.9,599
"148","1",68,476
"149","6",68,439
"151","4",43,491
"152","4",42.1,521
"153","1",43,545
"154","6",42.1,456
"155","4",37,666
"157","7",48,485
"158","5",39,560
"159","2",42.1,500
"160","4",37,597
"161","6",55.9,510
"162","2",48,734
"163","1",30,720
"164","7",55.9,381
"165","3",33.1,399
"166","1",39.9,355
"167","2",48,513
"168","4",54,563
"169","4",48.9,413
"170","5",55,522
"173","3",33.1,480
"175","5",36,702
"176","4",39,395
"178","3",52,629
"179","7",46,393
"181","1",45,459
"185","5",42.1,645
"187","6",52,563
"188","6",39,428
"189","5",39.9,598
"190","7",55.9,532
"191","7",34,429
"192","3",37,623
"193","6",57.9,465
"194","6",26.1,558
"197","5",61,704
"200","5",39.9,561
"201","2",50,516
"203","1",45,521
"204","7",52,451
"206","7",43,428
"207","7",42.1,406
"208","3",23,649
"209","1",44.1,511
"210","4",48,555
"211","3",36,596
"212","6",42.1,422
"215","6",41,596
"217","3",52,590
"218","2",39.9,381
"222","5",24.1,674
"224","3",48,670
"229","6",28,475
"230","2",36,640
"232","1",42.1,496
"234","7",18,475
"237","1",55,518
"238","3",41,549
"239","7",35.1,517
"240","4",66,646
"241","3",21,616
"243","2",46.9,579
"244","3",36,506
"245","3",41,495
"246","5",64.9,604
"247","7",45,432
"248","2",44.1,684
"249","3",48,576
"252","5",37,505
"253","2",26.1,504
"254","6",43,495
"255","5",48,393
"256","6",42.1,389
"257","5",37.9,622
"259","1",48,449
"260","4",21.9,554
"262","7",24.1,494
"264","7",28,465
"266","1",55,531
"267","4",36,634
"268","2",26.1,654
"269","1",39,601
"270","4",44.1,552
"271","5",42.1,442
"272","4",44.1,602
"273","6",43,501
"274","2",45,404
"279","3",45,454
"280","7",57.9,388
"281","5",43,563
"282","2",39,613
"284","1",21,453
"285","1",43,390
"286","4",50,547
"287","6",46.4,554
"288","1",30,523
"289","5",33.1,751
"290","7",42.1,360
"291","6",33.1,481
"292","1",42.1,481
"293","7",26.1,406
"295","3",34,458
"296","3",19.9,545
"297","6",52,530
"301","5",44.1,583
"302","6",61,603
"303","6",51.1,484
"304","7",69.1,391
"307","7",59,462
"309","3",60.1,615
"310","2",30.9,544
"314","4",23,573
"316","4",61,592
"317","4",30,464
"320","1",59,680
"321","3",44.1,605
"322","3",23,538
"324","6",19,599
"326","7",53.1,393
"327","1",55.9,498
"328","4",33.1,603
"329","1",35.1,484
"330","5",24.8,423
"331","2",30.9,662
"332","5",48.9,566
"334","2",44.1,564
"335","5",28.9,700
"336","2",43,659
"337","6",37.9,526
"339","6",30,402
"340","2",36,491
"341","1",46.9,667
"342","2",42.1,527
"343","7",46.9,439
"344","6",59,535
"345","3",41,639
"346","6",39,540
"347","5",21,651
"348","5",55,661
"349","2",64.9,570
"350","4",46,664
"351","7",52,490
"352","4",37,699
"353","5",52,546
"354","3",36,529
"355","6",44.1,439
"356","6",34,577
"357","5",59,616
"358","1",37.9,568
"359","4",46,588
"360","2",37.9,687
"361","1",42.1,406
"362","3",36,615
"363","2",43,670
"364","3",64.9,615
"365","1",46.9,700
"366","7",35.1,445
"367","7",46.9,401
"368","4",52,597
"369","1",61,651
"370","7",43,519
"371","2",42.8,613
"372","6",44.1,409
"373","4",64.9,581
"374","6",44.1,507
"375","6",50,549
"376","2",60.1,464
"377","7",30,445
"379","7",62.1,479
"380","2",62.1,527
"381","2",48,458
"383","3",33.1,626
"384","3",44.1,570
"387","7",55.9,417
"388","2",59,591
"389","1",45,475
"390","4",46,504
"395","2",39.9,545
"396","7",36,400
"397","2",59,711
"398","1",62.1,493
"400","3",57,477
"401","6",37.9,449
"404","1",52,557
"405","7",36,361
"407","6",30,538
"408","2",55.9,631
"409","3",39,566
"411","1",48.9,435
"412","3",53.1,671
"414","7",30.9,450
"415","7",55.9,392
"416","3",39,537
"417","4",46,631
"419","7",45,541
"420","4",51.1,517
"421","3",62.1,673
"422","2",27,620
"423","3",45,552
"426","7",46.9,423
"427","3",42.1,585
"428","7",45,391
"435","4",60.1,645
"436","7",54,414
"437","3",46.9,574
"438","6",39.9,440
"440","2",39,518
"441","6",63,570
"443","4",45,594
"445","5",35.1,504
"446","7",61,481
"451","6",32,424
"452","6",48,511
"455","5",35.1,583
"456","2",66.9,535
"457","6",55,540
"459","1",55,615
"462","4",39.9,526
"463","3",46.9,603
"464","5",32,703
"465","3",61,432
"466","6",28.9,517
"468","6",32,436
"469","4",50,556
"471","7",44.1,472
"472","3",57,579
"473","3",61,654
"474","2",39,571
"475","4",46.9,586
"476","2",30,566
"477","7",44.1,373
"479","3",78.1,601
"482","4",33.1,569
"483","5",55,604
"484","3",33.1,511
"486","6",44.1,553
"487","1",59,716
"488","4",35.1,526
"489","1",45,490
"490","2",44.1,537
"491","3",26.1,640
"492","4",59,609
"493","2",39,613
"494","5",62.1,582
"495","5",70,657
"496","3",53.1,449
"497","1",46.9,572
"498","1",57,559
"499","4",48,448
"500","2",28.9,636
"501","5",45,609
"503","6",41,388
"505","5",37,532
"506","6",42.1,604
"508","2",48.9,626
"510","7",44.1,387
"514","6",70,573
"515","1",30.9,678
"516","3",48,438
"517","1",32,491
"519","2",39.9,688
"521","2",55,483
"522","1",48,568
"523","1",62.1,543
"524","3",45,653
"525","6",46.9,449
"526","7",55,448
"530","5",32,675
"531","1",64.9,428
"532","4",34,571
"533","6",50,407
"534","3",37,628
"535","2",48.9,477
"536","6",54,587
"538","5",39.9,548
"539","7",39.9,394
"540","7",64.9,438
"541","4",37,592
"542","1",53.1,540
"543","2",21.9,580
"544","4",45,616
"545","6",61,555
"546","4",37,539
"548","4",55,544
"549","5",34,655
"551","3",48,477
"552","1",30,553
"553","5",48.2,545
"554","7",42.1,429
"555","4",43,569
"556","6",42.1,521
"557","6",28.9,534
"561","3",35.1,468
"562","2",51.1,428
"563","7",48,439
"564","7",60.1,509
"565","5",37.9,531
"567","6",39.9,516
"569","2",53.6,615
"572","5",30.9,628
"576","3",54,525
"577","5",45,617
"580","1",46,706
"581","4",78.1,550
"584","1",36,680
"586","4",61,663
"588","5",44.1,632
"591","6",41,478
"592","1",61,616
"593","7",46.9,426
"594","2",45,498
"595","2",34,740
"597","5",55.9,604
"599","2",44.1,513
"601","5",48.9,607
"602","6",39.9,466
"603","6",42.1,456
"605","5",27,652
"607","1",54,569
"608","7",63,462
"610","6",34,541
"611","3",39.9,610
"613","4",39,622
"614","6",32,403
"616","2",39.9,571
"618","1",35.1,398
"619","5",44.1,708
"620","5",39.9,476
"621","7",37,464
"622","5",41,680
"623","5",34,574
"624","1",25,402
"627","1",43,574
"629","5",39.9,757
"630","4",46.9,652
"631","4",34,498
"632","4",62.1,507
"633","5",43,530
"634","5",39.9,792
"635","4",33.1,515
"636","6",27,480
"638","1",46.9,501
"639","7",35.1,447
"640","1",37,547
"641","5",27,621
"642","3",45,510
"643","1",39.9,642
"644","5",34,703
"645","4",48,581
"646","4",36,447
"647","3",46.9,550
"648","7",32,454
"649","2",52,623
"650","3",55.9,660
"652","5",39,652
"653","3",32,589
"654","6",48.9,523
"655","7",42.1,503
"656","6",41,642
"657","2",37.9,639
"658","5",34,711
"659","1",42.1,503
"660","7",48.9,462
"661","1",53.1,645
"662","4",32,556
"663","4",53.1,644
"664","5",75,673
"665","5",59,563
"666","3",77,660
"667","4",61,525
"668","3",53.1,584
"670","4",57,611
"671","4",53.1,613
"674","7",30.9,693
"675","2",51.1,565
"676","1",45,618
"677","6",70,516
"678","3",64.9,629
"680","7",44.1,500
"686","1",46,575
"689","3",37,491
"691","2",50,627
"692","5",72,546
"694","5",62.1,580
"695","2",66.9,632
"696","2",54,584
"697","3",66,515
"698","1",60.1,526
"699","6",37,497
"701","3",46.9,562
"702","2",59,636
"704","3",48.9,538
"705","4",57,456
"706","3",52,629
"708","7",62.1,435
"713","2",52,637
"716","6",59,513
"719","6",51.1,507
"722","7",48.9,464
"725","7",51.1,415
"727","6",57,540
"728","2",39,474
"731","7",55,459
"732","2",46.9,676
"733","4",61,619
"736","2",45,601
"737","5",57,654
"738","1",54,661
"739","1",36,792
"740","5",62.1,532
"741","1",52,750
"742","1",46.9,686
"746","1",53.1,629
"747","2",54,374
"750","2",32,532
"751","4",64.9,612
"753","4",78.1,629
"754","6",68,625
"756","7",70,450
"757","3",70,571
"758","2",53.1,425
"759","3",59,565
"760","7",60.1,466
"763","2",64.9,510
"764","7",54,426
"765","1",52,529
"767","7",37.9,426
"769","1",51.1,513
"771","7",45,465
"772","4",51.1,549
"774","6",46.9,521
"775","4",53.1,624
"777","2",39,631
"778","4",43,508
"779","3",48.9,562
"780","3",51.1,441
"783","5",50,732
"784","1",57.9,562
"786","5",45,603
"788","3",55.9,650
"792","2",59,550
"793","5",61,530
"794","6",41,601
"795","2",54,628
"796","6",57,515
"797","3",64.9,473
"798","6",51.1,550
"799","2",53.1,592
"803","4",55.9,529
"805","1",39,650
"807","4",50,703
"808","5",79,672
"811","6",45,507
"812","3",59,609
"813","6",62.1,589
"814","3",45,574
"815","4",43,830
"816","1",53.1,522
"817","1",43,586
"818","4",43,582
"819","6",62.1,571
"820","1",50,710
"821","7",48,526
"822","7",57,404
"823","5",46.9,609
"824","6",63,493
"825","3",60.1,672
"826","1",39.9,440
"829","7",59,408
"831","2",43,551
"832","5",55,520
"833","7",46.9,451
"835","7",57.9,419
"836","6",37.9,578
"837","4",39,633
"839","3",53.1,636
"840","6",72,530
"841","4",36,625
"842","5",43,570
"843","7",63,427
"844","7",46,505
"845","6",55,569
"847","5",53.1,612
"848","6",39.9,474
"849","3",71.1,621
"852","5",51.1,673
"855","5",46.9,756
"856","1",44.1,616
"857","5",46,585
"858","7",37,489
"859","4",72,652
"861","1",60.1,571
"862","3",44.1,525
"863","5",39,685
"865","6",46,459
"866","6",46.9,504
"867","5",42.1,751
"868","1",42.1,547
"869","4",60.1,639
"871","2",72,450
"873","1",50,617
"874","5",39.9,745
"875","7",44.1,423
"876","1",41,498
"877","5",52,753
"878","2",61,662
"879","1",45,679
"882","7",39.9,502
"883","6",62.1,569
"884","1",54,556
"885","6",61,371
"886","4",54,627
"888","2",57,547
"889","2",55.9,610
"890","6",57.9,519
"891","2",55,628
"893","1",62.1,658
"894","4",44.1,538
"895","1",72,546
"896","5",37,533
"897","6",48,515
"899","4",50,760
"901","7",51.1,491
"902","2",57,528
"903","2",46.9,597
"905","5",63,644
"906","7",46.9,432
"907","2",48.9,527
"908","3",45,540
"911","5",69.1,551
"912","7",57.9,412
"913","5",46.9,607
"917","2",43,578
"919","1",42.1,519
"920","5",41,604
"921","1",36,623
"922","1",54,378
"923","2",57,608
"924","6",42.1,567
"925","4",39,839
"926","4",59,586
"927","7",45,456
"928","7",28.9,516
"930","6",48,562
"933","4",71.1,635
"935","6",39,536
"936","4",39,558
"937","2",53.1,586
"941","1",55.9,559
"942","5",54,589
"944","6",46,488
"945","4",61,665
"947","5",48,753
"950","6",30.9,548
"952","1",42.1,597
"953","3",46.9,517
"954","6",64.9,550
"955","2",43,559
"956","3",59,540
"957","7",46,479
"958","7",51.1,459
"959","7",48.9,457
"960","5",48.9,718
"961","3",55,653
"963","3",41,652
"964","7",46.9,550
"965","4",44.1,557
"966","6",48.9,609
"968","3",59,617
"969","4",48,689
"970","1",62.1,640
"971","3",39,477
"972","3",39,547
"973","7",59,437
"975","2",36,374
"976","6",48.9,530
"977","4",70,653
"980","3",39,563
"981","3",32,650
"985","4",41,535
"986","3",44.1,475
"987","4",55.9,545
"992","2",62.1,683
"994","2",60.1,587
"995","4",70,688
"996","7",68,487
"998","2",77,592
"999","3",60.1,519
"1001","1",79,594
"1002","7",77,457
"1003","3",80.1,540
"1008","7",75,568
"1009","6",68,604
"1010","4",66,632
"1016","2",52,553
"1017","5",66.9,675
"1020","6",77,599
"1021","7",66,398
"1022","5",70,690
"1024","3",64.9,587
"1028","1",60.1,565
"1029","1",66,541
"1030","6",80.1,605
"1032","1",82,687
"1036","7",57.9,395
"1037","4",63,540
"1039","4",66.9,592
"1042","4",69.1,518
"1043","5",66,515
"1045","6",66,456
"1046","5",66,500
"1048","5",68,688
"1049","5",80.1,551
"1050","6",69.1,597
"1051","1",63,646
"1054","7",66,443
"1055","3",51.1,612
"1056","2",43,551
"1058","7",69.1,440
"1059","1",68,554
"1060","7",57,472
"1061","5",64.9,733
"1062","1",68,675
"1063","1",62.1,510
"1066","1",66.9,521
"1067","1",66.9,597
"1069","4",60.1,537
"1070","6",68,587
"1072","1",69.1,488
"1073","5",79,741
"1074","6",75,578
"1075","4",70,729
"1076","2",68,671
"1077","2",68,542
"1078","6",68,525
"1079","2",63,537
"1084","6",57,551
"1088","4",63,610
"1089","6",57.9,555
"1093","3",66,621
"1094","3",75.9,580
"1096","7",57,505
"1098","1",73,582
"1099","1",66,522
"1100","4",75.9,590
"1101","3",59,700
"1104","5",63,617
"1105","6",66,495
"1107","6",84.9,661
"1108","7",66.9,568
"1109","5",55.9,486
"1110","2",82,613
"1111","2",71.1,459
"1112","7",61,484
"1114","7",66,517
"1115","7",66.9,541
"1116","5",59,517
"1117","3",78.1,679
"1118","3",62.1,510
"1119","3",66,626
"1120","1",57,598
"1121","7",50,499
"1122","6",70,517
"1123","1",61,533
"1125","4",66.9,653
"1128","6",68,679
"1129","2",51.1,668
"1130","3",69.1,598
"1131","3",71.1,595
"1132","4",64,553
"1136","5",62.1,515
"1137","3",51.1,648
"1139","7",77,482
"1140","5",64,582
"1141","5",79,702
"1143","7",61,422
"1144","4",73,694
"1145","4",62.1,489
"1147","7",64,477
"1149","3",69.1,568
"1151","3",77,515
"1153","1",64,558
"1154","1",50,683
"1156","2",68,576
"1157","4",60.1,517
"1158","7",63,514
"1159","3",48,628
"1160","6",64.9,581
"1161","1",73.9,634
"1162","4",66,583
"1163","6",50,557
"1165","4",62.1,674
"1167","6",82,624
"1168","2",60.1,549
"1169","6",66.9,548
"1171","5",48.9,496
"1172","7",66.9,449
"1173","2",64,645
"1175","2",69.1,479
"1177","3",71.1,535
"1178","6",63,584
"1179","3",60.1,633
"1180","2",64.9,638
"1181","7",84.9,470
"1182","6",62.1,592
"1183","1",48.9,625
"1184","5",71.1,679
"1186","6",62.1,487
"1187","7",55,471
"1188","1",59,603
"1190","5",60.1,701
"1192","6",79,649
"1194","1",64.9,624
"1195","2",63,564
"1197","2",64,606
"1199","5",75,609
"1200","1",60.1,562
"1201","1",62.1,479
"1202","7",60.1,399
"1203","4",55,706
"1204","2",63,452
"1205","5",82,755
"1206","2",80.1,519
"1209","4",61,645
"1210","4",57.9,630
"1211","7",54,451
"1212","3",73,697
"1213","2",73.9,516
"1215","1",59,656
"1217","1",64.9,657
"1219","7",87.1,481
"1221","3",55.9,554
"1223","4",53.1,566
"1224","5",71.1,570
"1225","1",87.1,488
"1226","2",63,598
"1228","6",53.1,531
"1229","7",71.1,448
"1230","4",66.9,660
"1231","4",72,560
"1232","3",55,662
"1234","3",66.9,613
"1235","5",64,491
"1236","2",82,732
"1237","1",77,514
"1238","5",54,622
"1239","3",66.9,580
"1240","7",68,393
"1241","5",66,690
"1242","3",64,595
"1243","3",71.1,536
"1246","2",71.1,613
"1248","5",57.9,696
"1253","1",55,565
"1254","3",60.1,630
"1259","6",59,526
"1262","2",75,452
"1264","2",66.9,555
"1267","7",80.1,471
"1270","1",64,630
"1271","4",48.9,508
"1273","3",63,570
"1274","5",52,676
"1275","1",45,602
"1277","6",64,507
"1278","7",48.9,468
"1282","4",78.1,640
"1284","6",66,532
"1286","2",60.1,600
"1287","3",52,651
"1288","4",52,713
"1290","6",57,576
"1291","5",50,707
"1292","6",53.1,580
"1293","2",42.1,672
"1297","4",54,612
"1298","4",62.1,586
"1300","2",53.1,513
"1302","5",53.1,694
"1303","6",57,627
"1304","2",46.9,437
"1305","2",66,638
"1307","3",46,532
"1308","4",45,452
"1311","3",44.1,457
"1312","4",55.9,531
"1315","2",60.1,723
"1316","5",48.9,649
"1318","6",48,591
"1319","7",51.1,585
"1320","7",52,510
"1322","1",59,741
"1328","7",60.8,510
"1334","1",66.2,742
"1335","5",64.9,766
"1336","3",68,676
"1341","6",71.6,589
"1343","6",71.1,553
"1344","2",79,689
"1345","3",81,729
"1346","2",89.1,809
"1347","4",73,694
"1348","1",70,689
"1349","4",71.1,732
"1350","2",73.9,647
"1354","5",80.1,765
"1355","1",75,695
"1357","5",75,650
"1359","3",82,574
"1362","2",80.1,606
"1363","4",80.1,684
"1364","1",84.9,581
"1365","3",77,711
"1366","6",75,650
"1367","2",77,736
"1368","5",73,660
"1369","3",75,669
"1370","5",91.9,723
"1371","1",78.1,652
"1372","4",78.1,698
"1373","4",78.1,668
"1375","7",80.1,472
"1376","1",77,658
"1377","7",82.9,543
"1380","4",82.9,770
"1382","7",75.9,547
"1383","6",66.9,506
"1384","7",63,529
"1385","4",77,663
"1387","1",59,589
"1388","3",89.1,708
"1389","7",82.9,549
"1390","2",78.1,695
"1391","2",69.1,659
"1392","2",61,647
"1396","2",66.9,686
"1397","4",72,585
"1398","5",82,709
"1406","1",81,626
"1407","4",66.9,615
"1408","7",80.1,555
"1411","4",73.9,593
"1412","3",66.9,686
"1414","4",80.1,744
"1415","6",73.9,540
"1417","7",69.1,618
"1419","2",88,778
"1421","1",87.1,471
"1422","6",89.1,601
"1423","6",75.9,649
"1426","7",81,578
"1427","6",73,602
"1428","1",61,719
"1429","1",80.1,409
"1430","3",78.1,575
"1433","4",61,686
"1434","6",73,637
"1435","3",75.9,699
"1436","5",73,805
"1437","3",70,668
"1439","4",68,602
"1440","2",78.1,650
"1442","5",63,584
"1443","5",55.9,651
"1444","3",60.1,599
"1445","4",73,642
"1446","3",88,733
"1448","5",72,742
"1450","5",79,698
"1451","3",69.1,691
"1452","5",71.1,660
"1453","2",52,621
"1455","6",75.9,568
"1456","5",90,767
"1457","5",75.9,782
"1459","3",69.1,641
"1460","6",73,475
"1462","3",71.1,603
"1464","6",82.9,549
"1465","7",71.1,474
"1466","4",70,625
"1467","4",79,559
"1468","3",66.9,532
"1470","4",84.9,682
"1471","4",73.9,722
"1472","1",73,420
"1473","6",70,523
"1474","4",90,742
"1475","7",81,432
"1476","2",80.1,713
"1477","5",75,723
"1478","2",86,645
"1479","2",71.1,565
"1481","5",90,736
"1482","2",80.1,654
"1483","3",71.1,649
"1485","6",71.1,486
"1488","3",73.9,693
"1490","6",73,520
"1491","4",73,654
"1492","1",72,646
"1493","2",64.4,624
"1494","5",64.9,817
"1497","2",84.9,760
"1498","1",86,442
"1499","7",60.1,544
"1500","2",86,697
"1501","1",84.9,420
"1503","6",70,590
"1506","1",69.1,561
"1507","1",84,645
"1508","1",84.9,641
"1510","5",78.1,698
"1511","2",84.9,684
"1512","7",66,591
"1513","7",70,571
"1514","3",81,570
"1515","5",75.9,726
"1517","1",86,433
"1518","4",69.1,596
"1520","3",71.1,601
"1523","4",90,685
"1526","4",71.1,593
"1527","7",75.9,495
"1528","4",80.1,735
"1530","1",82.9,566
"1532","7",82.9,584
"1533","2",73.9,592
"1534","7",64.9,484
"1536","1",84.9,689
"1538","7",87.1,555
"1539","7",86,510
"1541","6",84.9,622
"1542","2",63,651
"1545","1",73.9,630
"1546","1",73.9,639
"1547","3",90,753
"1548","7",91.9,566
"1550","5",71.1,616
"1551","2",61,565
"1552","6",82,560
"1553","1",72,572
"1554","6",66.9,685
"1555","7",70,507
"1556","4",71.1,659
"1557","6",90,627
"1558","5",73.9,727
"1561","3",84.9,568
"1562","2",79,694
"1563","2",88,686
"1565","4",64.9,701
"1566","5",66.2,668
"1567","3",69.1,576
"1568","5",86,799
"1569","2",72,608
"1570","1",63,371
"1571","5",84.9,813
"1572","7",59,514
"1573","3",66,620
"1577","4",78.1,650
"1579","6",59,583
"1580","6",73.9,546
"1582","2",84.9,638
"1586","7",71.1,529
"1587","3",73,638
"1589","3",89.1,792
"1590","4",66,663
"1593","3",88,697
"1594","6",60.1,571
"1595","6",84,602
"1597","6",69.1,580
"1599","2",84.9,560
"1600","5",66.9,642
"1602","7",71.1,451
"1603","2",60.1,711
"1606","7",63,515
"1609","6",91,612
"1610","6",70,619
"1611","7",64.9,633
"1613","1",59,613
"1614","7",70,527
"1616","5",73,776
"1617","6",75,587
"1619","5",71.1,700
"1620","5",64,776
"1622","7",89.1,487
"1623","4",91.9,790
"1624","3",73.9,666
"1627","7",69.1,589
"1628","2",84.9,745
"1629","1",57,638
"1632","5",66,686
"1635","3",86,538
"1636","3",55.9,653
"1637","6",64.9,683
"1640","1",59,577
"1641","2",73.9,743
"1642","3",86,655
"1643","4",69.1,742
"1644","5",73,728
"1647","1",70,618
"1651","6",53.1,514
"1652","4",57,626
"1653","5",57,728
"1654","1",68,729
"1656","3",75,714
"1657","7",66,455
"1683","7",82.9,533
"1684","2",75.9,721
"1687","5",81,751
"1692","5",89.1,753
"1694","7",86,582
"1695","6",93,651
"1697","7",91,627
"1698","4",84.9,689
"1700","7",84,553
"1701","4",86,643
"1702","5",78.1,710
"1704","7",79,477
"1705","6",84.9,677
"1706","7",73,468
"1707","3",88,698
"1708","2",84,662
"1712","7",80.1,533
"1713","2",84,613
"1716","4",82.9,845
"1717","4",82.9,815
"1718","3",82.9,687
"1723","7",88,559
"1724","5",82.9,734
"1725","6",82.9,635
"1726","7",86,516
"1727","7",88,578
"1728","7",84,590
"1730","1",81,622
"1731","7",87.1,537
"1732","6",82.9,706
"1733","1",84,610
"1736","1",84,731
"1738","7",81,515
"1739","4",84.9,761
"1740","3",84.9,739
"1741","3",75,651
"1742","4",82.9,737
"1744","5",82,757
"1747","1",80.1,552
"1750","1",81,644
"1751","2",79,757
"1755","6",87.1,611
"1758","1",73,686
"1760","7",84.9,593
"1761","6",73.9,654
"1763","4",69.1,660
"1764","6",82,623
"1765","3",82.9,667
"1766","6",88,584
"1767","7",80.1,477
"1768","6",87.1,622
"1769","3",87.1,803
"1771","5",87.1,732
"1773","5",89.1,845
"1774","3",73,591
"1779","4",77,697
"1780","6",80.1,557
"1783","3",78.1,706
"1784","3",87.1,582
"1787","4",89.1,734
"1788","2",70,615
"1789","4",71.1,693
"1791","2",75,720
"1792","4",84,670
"1794","2",75,688
"1795","6",87.1,700
"1797","7",77,604
"1799","2",93.9,829
"1804","4",86,598
"1806","1",88,745
"1807","2",91,648
"1809","2",82.9,675
"1810","2",82.9,593
"1811","3",78.1,540
"1812","4",89.1,675
"1813","7",75.9,559
"1814","7",84,423
"1816","4",79,654
"1817","6",72,637
"1818","5",82.9,728
"1820","4",80.1,681
"1822","5",70,692
"1826","4",71.1,615
"1827","5",89.1,451
"1829","4",75.9,771
"1830","6",84.9,665
"1831","4",84.9,670
"1833","2",89.1,666
"1834","5",79,708
"1835","1",71.1,698
"1836","3",82,706
"1837","2",77,569
"1838","1",87.1,819
"1840","5",82.9,660
"1841","6",80.1,596
"1842","5",84,728
"1843","7",70,466
"1844","6",82.9,591
"1845","1",82.9,669
"1846","1",82,707
"1847","6",91,660
"1848","2",81,762
"1849","6",75.9,598
"1850","5",75.9,748
"1851","7",82.9,559
"1852","3",81,655
"1853","4",73.9,535
"1854","1",70,656
"1856","6",81,620
"1860","1",73.9,528
"1861","2",82,622
"1862","3",84.9,621
"1863","6",86,688
"1864","1",88,506
"1866","2",87.1,663
"1867","4",70,605
"1868","3",73.9,599
"1870","3",77,686
"1871","1",84,614
"1872","6",72,613
"1873","5",79,765
"1874","2",81,632
"1877","5",82.9,793
"1879","7",88,505
"1880","6",90,631
"1881","5",82.9,774
"1882","5",82,690
"1883","1",80.1,643
"1884","2",75,613
"1887","1",93,804
"1888","1",91,808
"1889","5",75,737
"1890","1",90,680
"1891","7",90,702
"1892","7",80.1,475
"1893","2",79,717
"1895","3",87.1,751
"1896","5",80.1,770
"1898","6",84,599
"1900","1",84,733
"1901","5",75.9,743
"1902","3",82.9,744
"1904","1",75,624
"1905","2",88,813
"1907","3",93.9,754
"1909","2",87.1,681
"1910","2",91,812
"1913","3",78.1,730
"1915","7",88,620
"1917","4",82.9,683
"1918","6",81,595
"1919","2",84.9,709
"1920","1",87.1,718
"1921","4",82,569
"1922","1",82.9,758
"1923","7",81,509
"1924","1",87.1,774
"1925","4",89.1,666
"1926","3",90,778
"1927","3",70,658
"1929","4",82,767
"1930","5",75.9,657
"1931","5",84.9,608
"1932","4",72,563
"1933","4",70,552
"1934","3",84.9,772
"1935","5",78.1,771
"1936","1",75.9,662
"1937","6",81,580
"1939","3",66.9,675
"1940","6",79,557
"1941","2",90,703
"1942","4",82.9,744
"1944","1",79,634
"1945","5",84,811
"1946","5",88,747
"1947","6",81,505
"1948","2",82.9,652
"1950","2",78.1,635
"1951","6",75,513
"1952","6",84,753
"1954","3",77,622
"1956","3",84.9,646
"1957","7",88,487
"1958","2",77,682
"1959","6",79,635
"1960","5",73,749
"1961","7",81,526
"1962","7",87.1,525
"1963","1",81,659
"1964","7",91,569
"1967","7",88,587
"1968","4",73.9,634
"1969","3",89.1,663
"1971","6",88,395
"1972","5",77,818
"1975","7",73,535
"1976","6",77,571
"1977","2",63,660
"1979","3",77,576
"1980","3",75.9,615
"1981","3",84.9,763
"1983","1",78.1,613
"1984","4",84,833
"1985","5",72,693
"1986","2",57.9,642
"1987","1",82.9,646
"1988","5",64,791
"1990","1",69.1,691
"1991","4",71.1,686
"1994","6",86,637
"1995","3",91.9,406
"1997","2",91.9,678
"1998","2",82,709
"2000","4",88,642
"2007","5",82.9,700
"2010","4",82,603
"2011","7",82.9,467
"2012","5",84.9,685
"2014","7",78.1,485
"2015","1",82,580
"2016","5",88,650
"2021","5",84,726
"2023","7",84,545
"2025","4",84,605
"2026","3",88,553
"2030","1",84.9,557
"2031","7",84.9,463
"2032","3",87.1,654
"2033","7",89.1,521
"2035","4",91,603
"2041","2",88,706
"2042","1",88,656
"2044","6",88,597
"2047","3",84,565
"2050","6",88,602
"2051","4",91,740
"2052","7",91.9,554
"2053","7",82,498
"2056","6",86,550
"2057","5",87.1,490
"2058","2",88,657
"2059","1",82.9,598
"2060","7",96.1,563
"2062","1",90,719
"2066","4",93.9,774
"2068","4",82.9,606
"2070","1",87.1,639
"2072","4",84.9,739
"2074","1",86,592
"2075","2",82,601
"2076","3",82.9,553
"2078","1",79,530
"2079","2",95,643
"2081","1",87.1,672
"2082","2",91,658
"2083","5",90,542
"2085","2",86,587
"2086","4",90,394
"2087","1",89.1,668
"2088","3",91,680
"2090","7",77,448
"2091","2",86,663
"2092","3",91,690
"2093","4",88,577
"2096","2",88,424
"2098","5",81,549
"2101","4",78.1,610
"2102","4",95,709
"2103","3",88,688
"2104","4",90,720
"2105","3",86,551
"2107","7",87.1,515
"2109","2",93.9,606
"2110","6",91.9,648
"2112","2",84.9,591
"2113","6",88,451
"2114","4",82,626
"2115","3",82,626
"2124","3",96.1,629
"2126","3",97,609
"2127","1",77,633
"2128","1",88,617
"2132","7",87.1,494
"2133","1",90,626
"2134","3",93,627
"2135","2",87.1,661
"2136","1",96.1,719
"2137","6",90,471
"2139","2",86,587
"2140","3",80.1,605
"2141","3",82,611
"2142","7",93,545
"2143","1",84.9,597
"2145","2",88,664
"2146","3",84.9,614
"2149","4",93,620
"2150","5",86,753
"2151","1",84,667
"2152","7",88,471
"2153","4",88,584
"2154","2",84.9,638
"2155","3",84.9,604
"2157","7",84.9,476
"2158","7",90,574
"2160","2",82,662
"2162","5",87.1,603
"2163","6",82,389
"2164","4",88,741
"2165","1",86,505
"2167","6",84.9,599
"2168","2",86,680
"2169","7",96.1,566
"2170","1",82.9,567
"2172","6",88,577
"2174","5",88,798
"2175","5",81,659
"2176","6",95,490
"2178","5",91,638
"2179","1",89.1,637
"2180","7",90,464
"2181","3",84.9,698
"2184","7",84,512
"2185","5",93.9,733
"2186","7",88,564
"2187","4",87.1,438
"2188","2",93,727
"2189","6",84,585
"2191","4",84.9,611
"2193","7",79,376
"2194","1",95,641
"2195","5",84.9,752
"2196","2",91.9,638
"2197","1",93.9,698
"2199","1",81,618
"2200","1",90,649
"2202","7",84,529
"2203","4",84,550
"2204","5",89.1,753
"2205","1",82.9,488
"2206","7",79,540
"2209","3",82,657
"2211","1",93.9,581
"2212","3",93,630
"2213","6",84,649
"2214","2",86,524
"2215","4",75.9,522
"2217","4",86,658
"2219","5",82,653
"2220","4",81,587
"2222","6",87.1,558
"2223","3",91,658
"2224","2",87.1,571
"2225","6",82,536
"2227","2",93.9,648
"2230","3",91.9,747
"2231","1",84,533
"2232","5",86,642
"2233","6",82,516
"2234","5",90,654
"2235","3",88,677
"2236","4",88,567
"2237","7",80.1,508
"2238","2",88,646
"2239","3",88,620
"2240","6",84.9,561
"2241","7",91.9,475
"2242","4",98.1,636
"2243","3",82.9,571
"2244","6",82,534
"2245","5",81,624
"2246","5",96.1,697
"2247","5",84.9,612
"2248","3",91,432
"2250","4",90,731
"2251","7",90,551
"2252","3",100,559
"2253","5",87.1,360
"2254","2",93,688
"2255","7",95,477
"2256","7",89.1,497
"2258","6",90,623
"2259","5",91,666
"2260","1",80.1,614
"2261","2",80.1,540
"2262","2",82.9,584
"2263","1",88,564
"2264","4",93.9,591
"2267","2",73.9,553
"2268","5",86,747
"2269","1",89.1,617
"2270","6",91.9,516
"2271","6",84,513
"2273","7",89.1,447
"2274","2",89.1,616
"2276","2",93.9,582
"2277","7",87.1,537
"2278","3",84.9,706
"2280","7",90,441
"2284","5",95,774
"2285","3",77,635
"2286","1",91,528
"2287","5",90,707
"2288","1",84.9,693
"2289","6",84.9,595
"2291","3",84.9,607
"2292","6",77,528
"2293","2",88,583
"2295","2",91,594
"2296","7",93,538
"2299","6",95,586
"2300","6",86,498
"2301","4",86,623
"2303","7",84,451
"2304","1",93.9,727
"2305","3",82.9,635
"2307","3",84.9,612
"2310","7",82,439
"2311","3",82,683
"2313","4",87.1,604
"2314","6",79,622
"2315","1",91.9,725
"2316","4",79,539
"2318","5",87.1,638
"2319","5",84,709
"2320","1",86,591
"2321","7",82,606
"2322","3",89.1,618
"2323","2",93,699
"2324","2",82,654
"2325","5",80.1,674
"2326","6",75.9,480
"2327","4",86,717
"2328","6",79,570
"2330","1",84.9,595
"2331","4",90,759
"2332","2",73,595
"2335","5",90,576
"2336","1",90,614
"2337","6",80.1,526
"2339","3",88,591
"2342","3",86,569
"2343","6",96.1,650
"2344","7",88,527
"2347","5",82.9,617
"2348","2",82,526
"2349","7",78.1,451
"2351","6",93,551
"2353","1",79,620
"2354","5",93.9,769
"2355","4",81,686
"2356","2",90,574
"2359","6",81,575
"2361","5",73.9,604
"2362","6",81,505
"2363","5",82,599
"2364","4",78.1,507
"2365","6",84.9,512
"2366","5",89.6,756
"2367","4",86,659
"2368","1",78.1,473
"2370","3",86,528
"2372","3",84.9,655
"2373","7",93,552
"2374","2",75,577
"2375","2",82.9,547
"2376","6",82,552
"2377","6",87.1,539
"2378","2",82,701
"2379","7",75,467
"2380","6",86,568
"2382","5",86,749
"2383","4",87.1,713
"2386","7",91,573
"2387","2",89.1,606
"2389","3",88,522
"2392","3",87.1,600
"2393","6",84,504
"2394","7",84,499
"2395","3",84,660
"2396","5",82,681
"2397","5",86,707
"2400","1",91.9,632
"2401","3",91.9,618
"2402","2",82,553
"2403","3",80.1,504
"2406","5",82,678
"2407","5",88,707
"2408","2",82,543
"2409","1",86,632
"2410","7",90,481
"2411","3",87.1,482
"2413","4",81,715
"2414","4",84.9,635
"2417","3",84,551
"2418","3",90,656
"2419","2",87.1,650
"2421","2",91.9,705
"2422","7",89.1,559
"2423","1",88,549
"2424","3",90,562
"2426","4",87.1,618
"2427","1",82.9,602
"2430","2",82,637
"2431","1",82,519
"2432","2",89.1,608
"2433","5",82.9,612
"2436","6",84.9,605
"2437","5",87.1,601
"2438","4",84,574
"2439","7",89.1,550
"2444","1",90,563
"2445","6",82,526
"2447","1",87.1,575
"2448","3",87.8,635
"2449","4",84.9,650
"2451","5",80.1,633
"2452","5",88,729
"2454","1",87.1,627
"2456","7",75.9,476
"2457","4",88,581
"2459","1",88,651
"2460","2",81,520
"2461","3",90,538
"2463","7",88,512
"2464","7",82.9,481
"2465","3",84,608
"2466","4",82.9,643
"2467","7",82.9,528
"2468","7",82.9,459
"2469","2",78.1,631
"2470","1",79,462
"2472","1",75.9,606
"2474","4",90,709
"2475","4",88,647
"2476","4",81,631
"2478","5",82.9,655
"2479","3",78.1,616
"2480","1",95,592
"2481","6",87.1,538
"2482","3",73.9,553
"2483","5",84.9,523
"2485","7",84,442
"2486","6",80.1,510
"2488","2",78.1,580
"2489","5",88,703
"2490","2",81,482
"2491","4",82,618
"2494","5",82,609
"2495","3",89.1,661
"2496","4",86,722
"2497","6",86,638
"2501","2",91.9,644
"2502","3",89.1,619
"2504","3",80.1,687
"2506","4",84.9,614
"2510","1",81,548
"2512","5",87.1,610
"2513","7",87.1,499
"2514","4",87.1,639
"2515","2",90,574
"2517","5",82.9,601
"2519","7",81,484
"2520","1",88,604
"2522","1",93.9,643
"2523","1",84.9,586
"2524","4",87.1,570
"2525","4",87.1,630
"2529","2",82,551
"2531","5",82,631
"2532","3",84,537
"2535","2",75,529
"2536","6",86,566
"2538","4",84,567
"2541","1",84,589
"2542","7",80.1,437
"2543","7",84.9,489
"2544","6",87.1,533
"2545","4",90,578
"2548","5",90,623
"2549","7",90,495
"2551","7",86,512
"2553","2",88,658
"2555","2",89.1,595
"2556","6",78.1,570
"2557","4",84.9,613
"2558","5",87.1,758
"2559","3",82.9,562
"2560","2",93.9,715
"2566","7",87.1,540
"2567","5",90,569
"2570","4",82,610
"2571","5",82.9,700
"2572","6",84,474
"2573","7",90,563
"2574","2",88,542
"2576","6",91.9,582
"2577","5",88,574
"2580","4",84.9,714
"2581","5",84.9,579
"2582","6",87.1,579
"2583","5",84,667
"2584","4",77,599
"2585","1",73.9,562
"2589","6",78.1,490
"2590","6",82.9,492
"2592","3",87.1,618
"2594","7",82,476
"2595","6",84,545
"2596","5",82.9,568
"2597","4",81,618
"2599","7",96.1,521
"2601","3",81,602
"2603","5",84,645
"2604","4",84.9,560
"2605","7",86,492
"2606","1",84.9,611
"2608","2",95,623
"2609","4",82.9,585
"2610","6",88,624
"2612","2",82.9,516
"2613","5",84,599
"2614","2",84.9,469
"2617","7",82.9,563
"2618","6",86,502
"2620","1",82,595
"2621","5",86,630
"2622","2",91,622
"2623","1",80.1,545
"2624","6",87.1,581
"2625","5",82.9,626
"2626","1",89.1,705
"2627","4",81,549
"2630","3",90,606
"2632","1",87.1,616
"2633","4",81,592
"2634","1",91,614
"2635","6",89.1,668
"2636","7",78.1,519
"2637","3",84.9,643
"2638","4",84,646
"2639","3",82,599
"2641","1",84,617
"2642","7",80.1,454
"2643","6",82.9,579
"2644","1",91,673
"2646","7",78.1,498
"2647","5",90,701
"2648","4",90,587
"2649","2",84,601
"2651","4",86,572
"2652","5",93,729
"2655","5",87.1,753
"2656","3",90,594
"2657","6",78.1,540
"2658","7",84.9,490
"2659","6",90,568
"2660","6",96.1,614
"2661","3",86,645
"2662","6",84,573
"2663","7",86,538
"2664","3",93.9,685
"2666","4",91.9,736
"2667","4",87.1,600
"2668","4",91,672
"2669","2",78.1,491
"2671","4",82,625
"2672","1",86,504
"2673","6",82.9,572
"2675","5",84,726
"2680","6",86,480
"2683","6",84.9,495
"2684","5",89.1,589
"2685","2",89.1,684
"2686","6",87.1,578
"2688","3",82,508
"2689","7",82.9,471
"2690","5",82,636
"2692","2",90,666
"2696","3",79,550
"2697","1",78.1,584
"2698","6",84,540
"2699","5",73.9,522
"2701","6",75.9,514
"2702","4",90,618
"2703","1",84,521
"2705","3",82,572
"2707","2",87.1,507
"2708","3",89.1,629
"2709","6",79,454
"2712","3",78.1,671
"2714","6",82,527
"2716","1",86,669
"2717","3",73.9,622
"2720","1",80.1,569
"2721","5",79,617
"2722","1",86,593
"2724","7",84.9,505
"2725","3",87.1,658
"2727","2",86,587
"2728","2",80.1,602
"2729","7",91,518
"2730","7",77,482
"2731","1",77,494
"2735","6",87.1,507
"2737","2",75.9,614
"2738","1",77,673
"2740","7",82.9,597
"2744","6",79,596
"2747","4",77,718
"2753","5",75.9,684
"2755","3",91.9,768
"2756","3",77,783
"2757","2",78.1,680
"2758","1",84,431
"2759","7",84,512
"2761","7",87.1,504
"2762","7",81,528
"2765","3",82,755
"2766","1",84,566
"2767","7",75,515
"2768","7",91,587
"2769","4",89.1,744
"2770","1",82,620
"2771","5",87.1,812
"2772","4",87.1,727
"2773","3",72,571
"2775","3",88,748
"2781","2",78.1,605
"2783","4",89.1,675
"2784","2",71.1,613
"2785","5",72,715
"2789","7",77,462
"2790","3",91,654
"2791","4",73.9,620
"2793","6",87.1,655
"2794","4",93,665
"2795","4",75.9,650
"2796","4",72,659
"2799","7",73,458
"2801","2",79,740
"2802","7",72,510
"2804","1",75.9,735
"2806","3",82.9,738
"2807","3",73,539
"2808","4",89.1,717
"2810","5",81,827
"2813","2",91.9,786
"2814","5",79,631
"2816","2",82,619
"2817","1",75,605
"2819","3",80.1,651
"2820","4",82.9,728
"2821","2",82.9,579
"2823","4",86,660
"2825","2",88,656
"2826","5",73.9,780
"2828","1",77,452
"2833","1",91,726
"2834","6",72,604
"2835","5",80.1,609
"2837","7",82,604
"2838","1",78.8,586
"2839","2",73.9,544
"2840","6",82,623
"2841","6",84,577
"2843","4",79,572
"2844","1",90,533
"2845","6",81,554
"2846","7",73,506
"2848","5",82.9,703
"2849","6",78.1,529
"2852","7",82,586
"2853","1",78.1,427
"2854","3",84.9,608
"2855","3",73,658
"2856","5",89.1,760
"2857","3",79,604
"2858","1",71.1,610
"2859","1",82,680
"2863","2",91,626
"2864","1",90,392
"2865","6",77,646
"2867","7",86,515
"2868","5",71.1,740
"2869","7",86,480
"2870","2",82,551
"2874","5",86,680
"2875","7",71.1,572
"2876","5",79,757
"2877","6",82.9,600
"2878","2",82.9,779
"2879","2",82.9,557
"2883","2",71.1,592
"2884","7",71.1,528
"2886","2",82,652
"2888","3",81,519
"2889","4",78.1,536
"2892","6",80.1,585
"2893","7",73.9,475
"2894","7",73,476
"2896","4",82,619
"2897","7",75.9,464
"2898","3",84,621
"2899","6",82,532
"2903","7",82,535
"2904","4",93,822
"2905","2",72,521
"2906","4",73,516
"2907","6",73.9,488
"2908","3",87.1,600
"2909","5",87.1,647
"2910","7",80.1,421
"2911","5",91,715
"2912","1",73,570
"2913","6",75,594
"2914","4",80.1,632
"2916","1",73.9,623
"2917","5",71.1,553
"2918","2",73.9,659
"2919","1",66.2,562
"2920","2",79,589
"2922","3",80.1,501
"2923","6",91,598
"2924","1",91.9,485
"2926","4",70,605
"2927","3",87.1,696
"2929","2",84.9,707
"2930","2",73.4,715
"2931","6",79,546
"2932","2",91.9,700
"2934","1",69.1,661
"2936","5",72,712
"2937","4",82.9,645
"2939","2",97,795
"2940","2",73,615
"2941","6",91,553
"2942","3",71.1,566
"2943","4",72,790
"2946","7",68,449
"2947","3",96.1,576
"2949","5",81,681
"2951","6",68,485
"2952","3",97,740
"2953","4",82,672
"2954","4",88,689
"2955","5",78.1,688
"2956","4",82.9,619
"2960","2",87.1,629
"2961","7",91,477
"2962","5",87.1,652
"2963","6",68,550
"2965","6",71.1,608
"2966","5",80.1,525
"2967","5",82.9,730
"2968","6",73.9,562
"2970","1",82.9,648
"2974","4",82,493
"2975","3",75.9,404
"2977","3",91,779
"2978","5",77,643
"2979","6",71.1,562
"2980","4",87.1,628
"2981","6",73,547
"2982","6",84.9,541
"2983","1",78.1,603
"2984","3",82,604
"2985","4",80.1,535
"2987","7",82,488
"2988","7",82.9,500
"2989","1",79,373
"2990","1",80.1,532
"2991","4",86,695
"2992","4",87.1,740
"2993","4",68,522
"2995","3",75.9,605
"2997","3",91.9,580
"2998","3",88,624
"2999","7",77,585
"3000","5",81,697
"3001","1",89.1,639
"3002","1",81,672
"3003","6",90,515
"3004","2",79,606
"3005","6",77,519
"3006","5",75.2,671
"3007","5",73,654
"3009","6",87.1,612
"3011","4",90,716
"3012","7",72,493
"3013","7",69.1,518
"3015","1",82.9,632
"3016","2",72,594
"3018","7",81,473
"3019","5",93,643
"3020","7",72,533
"3021","4",73,757
"3023","6",75,568
"3025","1",68,594
"3026","5",69.1,703
"3027","6",72,557
"3028","7",90,538
"3029","6",75,489
"3030","2",77,635
"3031","6",78.1,558
"3032","6",87.1,631
"3034","7",71.1,556
"3035","6",75.9,557
"3037","7",80.1,478
"3038","1",75,662
"3040","3",82.9,634
"3042","3",80.1,601
"3044","2",73,627
"3046","2",75.2,556
"3047","5",82,585
"3048","3",78.1,618
"3049","5",81,765
"3051","6",75.9,547
"3054","1",71.1,637
"3056","3",73.9,637
"3057","1",63,650
"3058","6",81,598
"3062","6",81,498
"3063","1",84,419
"3064","7",80.1,466
"3065","2",89.1,628
"3066","5",82,614
"3069","1",81,598
"3070","1",80.1,435
"3073","5",73.9,591
"3074","7",82.9,556
"3075","1",80.1,579
"3076","3",73,612
"3077","7",72,480
"3078","2",73,571
"3079","5",81,687
"3080","5",75.9,648
"3082","3",79,583
"3085","3",84.9,648
"3086","2",75,592
"3088","1",79,624
"3089","4",66,491
"3091","2",78.1,661
"3093","2",84,626
"3094","4",69.1,624
"3098","3",63,719
"3100","1",55.9,696
"3101","3",64,646
"3102","3",61,699
"3103","4",61,735
"3104","6",62.1,629
"3106","2",55.9,721
"3107","7",52,556
"3108","7",62.1,593
"3109","1",51.1,650
"3110","2",63,681
"3111","2",68,688
"3112","5",60.1,787
"3113","5",51.1,747
"3114","6",51.1,757
"3115","7",57.9,516
"3117","4",50,763
"3118","1",66,692
"3120","4",75.9,717
"3122","6",71.1,544
"3124","2",77,628
"3129","4",82.9,590
"3134","3",66,498
"3135","4",73,574
"3136","3",60.1,615
"3137","2",77,613
"3138","6",75,633
"3139","5",64.9,598
"3140","2",73,631
"3142","4",75.9,741
"3143","7",78.1,528
"3144","3",68,648
"3147","6",78.1,583
"3148","1",72,490
"3150","5",75,754
"3151","4",66.9,757
"3152","3",60.1,558
"3153","4",73,764
"3155","3",80.1,708
"3157","1",75.9,583
"3159","7",66.2,481
"3160","1",64.9,451
"3161","5",86,658
"3162","7",70,435
"3163","2",72,615
"3165","7",63,473
"3166","7",79,529
"3167","4",73.4,554
"3169","2",64,522
"3170","6",68,471
"3175","1",53.1,667
"3176","4",64.9,615
"3178","2",72,571
"3179","2",82,616
"3182","1",73,739
"3184","6",68,577
"3185","7",66.9,441
"3186","2",70,593
"3189","2",77,724
"3191","1",72,400
"3193","6",60.1,586
"3195","3",63,595
"3196","3",73,668
"3197","4",66.9,613
"3198","2",73,687
"3200","5",68,541
"3204","6",82,570
"3205","6",78.1,649
"3206","6",64.9,641
"3207","2",66.9,607
"3210","3",75.9,720
"3211","1",66,440
"3212","2",81,590
"3214","7",69.1,559
"3216","3",77,778
"3217","5",82.9,649
"3219","1",66.9,607
"3220","1",75.9,669
"3221","4",73,666
"3222","2",72,549
"3225","6",61,357
"3226","5",78.1,764
"3227","6",64.9,525
"3229","4",61,511
"3231","2",81,454
"3232","1",69.1,639
"3233","6",72,567
"3236","7",73.9,496
"3237","3",72,548
"3239","1",66,616
"3240","7",69.1,503
"3241","6",52,547
"3242","1",81,585
"3243","5",66.9,647
"3244","4",64.9,630
"3246","1",79,501
"3247","3",72,737
"3248","6",62.1,614
"3249","7",60.1,500
"3250","4",70,616
"3251","2",64,739
"3253","3",72,658
"3254","5",78.1,693
"3256","2",81,768
"3258","1",79,575
"3260","4",77,602
"3264","6",86,497
"3265","3",73,502
"3266","1",77,546
"3268","1",55.9,376
"3269","2",59,631
"3271","7",63,486
"3272","4",69.1,683
"3274","4",72,626
"3275","3",82.9,647
"3276","5",71.1,719
"3277","2",66.9,562
"3278","2",69.1,736
"3279","5",62.1,759
"3280","2",75.9,697
"3281","1",77,505
"3283","6",64,546
"3284","3",75,711
"3285","5",75.9,796
"3287","1",61,620
"3289","2",59,639
"3290","3",66,658
"3291","7",68,571
"3292","3",66.9,558
"3293","6",69.1,615
"3294","2",66.9,540
"3295","6",66.9,502
"3296","3",72,556
"3297","1",57.9,698
"3299","2",71.1,620
"3301","5",73,823
"3302","5",63,669
"3304","1",60.1,591
"3306","7",68,522
"3308","5",71.1,648
"3309","3",52,706
"3310","5",66.9,767
"3311","6",64.9,519
"3312","4",72,766
"3314","3",59,494
"3315","4",75.9,666
"3316","5",70,830
"3317","3",81,628
"3318","1",66,609
"3319","7",57.9,512
"3320","6",64.9,524
"3322","5",54,647
"3323","1",57.9,655
"3324","5",59,668
"3325","3",84.9,676
"3327","6",66.9,515
"3328","3",77,575
"3329","7",75,557
"3330","1",71.1,607
"3331","7",81,521
"3333","4",53.6,831
"3334","1",64.9,539
"3335","7",66.9,467
"3336","1",66.9,559
"3337","6",71.1,494
"3338","7",75.9,404
"3340","1",70,555
"3343","4",70,558
"3346","5",64,676
"3347","4",82.9,657
"3349","2",61,600
"3350","4",66.9,658
"3351","5",66,708
"3352","2",75.9,574
"3353","6",64,565
"3354","7",55.9,551
"3355","7",69.1,517
"3357","7",64,426
"3358","7",69.1,613
"3359","5",75,742
"3361","5",66,738
"3362","1",75.9,618
"3363","3",64.9,640
"3364","6",75,500
"3365","3",64.9,559
"3366","7",68,480
"3367","3",69.1,695
"3369","2",62.1,566
"3370","6",66,557
"3371","3",93,688
"3372","4",73,499
"3373","1",62.1,573
"3374","2",61,696
"3375","1",73.9,641
"3376","6",69.1,531
"3377","2",72,523
"3378","5",62.6,594
"3379","4",84.9,662
"3381","3",72,639
"3382","1",63,642
"3383","5",73,688
"3384","7",64,490
"3385","4",62.6,657
"3386","6",54,626
"3387","3",60.8,549
"3388","3",64.9,669
"3390","2",57.2,570
"3392","7",69.1,505
"3393","2",70,714
"3395","4",73,767
"3396","5",66.9,658
"3398","2",64,602
"3399","2",63,523
"3401","4",54,632
"3403","3",66.9,689
"3404","6",69.1,587
"3405","5",73,680
"3406","2",73.9,685
"3408","1",66.9,597
"3410","5",55,798
"3412","7",66.9,515
"3413","3",60.8,708
"3416","4",73.9,690
"3418","6",62.1,581
"3420","3",66.9,529
"3421","7",61,483
"3422","4",77,603
"3424","4",64.9,559
"3425","4",57.9,639
"3428","1",66.9,832
"3429","4",79,683
"3431","6",66,629
"3432","7",61,534
"3433","4",71.1,615
"3435","5",68,621
"3437","5",71.1,606
"3438","5",57.9,634
"3439","3",64,383
"3440","2",64.4,372
"3441","7",72,502
"3443","6",72,556
"3444","7",63,536
"3445","5",57,798
"3446","4",66,608
"3449","6",57,556
"3450","7",61,403
"3452","6",72,656
"3453","7",46.4,453
"3454","6",46.9,559
"3455","5",44.1,720
"3456","4",62.1,631
"3457","7",64.9,502
"3458","4",36,412
"3459","2",50,754
"3460","5",46,743
"3461","6",52,606
"3462","3",62.1,696
"3463","3",44.1,732
"3464","1",55,759
"3465","7",55,483
"3466","7",45,470
"3467","3",45,573
"3468","6",46.4,536
"3469","4",70,696
"3470","4",46,646
"3471","1",55,743
"3472","1",50,697
"3474","2",48,695
"3475","3",50,688
"3476","6",62.6,508
"3478","5",32,476
"3479","1",48.9,497
"3480","2",53.1,609
"3481","5",72,746
"3482","2",59,679
"3483","7",50,500
"3486","1",62.1,481
"3487","7",46,539
"3488","7",63,526
"3489","2",72,655
"3490","1",59,615
"3493","2",66,620
"3494","4",71.1,690
"3495","1",61,560
"3496","6",54,444
"3497","5",64,776
"3499","7",60.1,532
"3501","5",54,455
"3504","3",72,672
"3505","1",55.9,623
"3506","3",50,717
"3510","3",66,541
"3511","3",64.9,546
"3512","3",57,607
"3514","5",39,437
"3517","4",60.1,383
"3518","4",72,746
"3520","2",61,440
"3521","1",64.9,613
"3522","1",52,666
"3523","6",51.1,629
"3524","4",64,652
"3526","4",55,702
"3528","6",41,502
"3532","1",64.9,547
"3533","2",64,493
"3534","1",46.9,699
"3535","7",44.1,429
"3536","5",50,502
"3537","1",66.9,618
"3539","2",57.9,732
"3540","5",64,480
"3541","3",70,665
"3543","3",61,635
"3544","4",64.9,696
"3545","6",37,394
"3547","6",62.1,626
"3548","3",61,561
"3553","6",70,551
"3555","4",45,545
"3556","7",54,377
"3558","1",52,647
"3559","2",48,630
"3560","6",64,692
"3562","6",54,463
"3563","6",60.1,612
"3565","4",54,384
"3566","5",54,481
"3568","1",68,682
"3570","6",53.1,506
"3572","6",73.9,500
"3574","3",57.9,628
"3576","2",51.8,671
"3577","5",51.1,621
"3578","4",61,637
"3579","7",57,419
"3580","4",57,669
"3581","5",73,616
"3583","6",44.1,512
"3584","2",48,647
"3585","2",60.1,752
"3586","4",61,707
"3588","2",55,510
"3589","4",72,689
"3590","2",46,733
"3591","2",61,702
"3594","5",73.9,776
"3596","4",63,663
"3598","7",51.1,457
"3599","4",48,428
"3600","2",53.1,649
"3602","1",62.1,668
"3603","2",57.9,790
"3604","1",69.1,722
"3605","7",57,425
"3606","3",60.1,730
"3607","4",53.1,647
"3608","7",50,466
"3609","6",43,465
"3610","3",48,526
"3611","5",57,617
"3613","7",55.9,472
"3614","6",42.1,529
"3615","3",61,705
"3617","7",57.9,500
"3622","3",53.6,689
"3623","6",57,456
"3624","4",51.1,628
"3625","2",66.9,599
"3629","5",72,777
"3630","7",54,479
"3631","3",68,554
"3632","3",48.9,713
"3634","2",44.6,583
"3636","3",61,615
"3638","2",68,538
"3639","7",61,518
"3640","4",51.1,378
"3641","6",50,603
"3643","7",60.1,519
"3644","6",53.1,528
"3646","2",62.1,741
"3647","6",51.1,542
"3648","5",46,576
"3649","5",70,710
"3650","4",63,646
"3651","6",50,571
"3653","4",59,706
"3655","2",45,514
"3656","1",46.9,563
"3658","6",39,479
"3659","6",64,597
"3660","6",51.1,623
"3663","2",52,647
"3664","3",63,701
"3665","5",57,702
"3666","7",55,431
"3667","4",55.9,469
"3668","6",57.9,613
"3670","1",53.1,641
"3673","3",57.9,774
"3677","5",57,641
"3678","6",53.1,543
"3679","4",48.2,623
"3680","7",68,415
"3681","7",57,485
"3682","3",48.9,662
"3683","2",66,710
"3684","4",63,797
"3687","1",48.2,479
"3689","3",45,807
"3690","5",53.1,425
"3691","7",48.9,446
"3692","1",59,699
"3694","5",64,819
"3695","1",35.1,710
"3697","1",55,704
"3698","5",48,654
"3700","5",37,444
"3701","7",46,517
"3702","3",39,593
"3704","7",62.1,532
"3705","4",57,811
"3706","4",45,635
"3707","1",55,658
"3709","1",64.9,611
"3710","5",48.2,672
"3711","3",51.1,607
"3713","4",43,515
"3715","1",51.1,635
"3716","5",53.1,633
"3717","1",61,625
"3718","1",44.6,611
"3719","4",57.2,439
"3720","7",60.1,474
"3721","3",57.9,530
"3722","2",62.6,648
"3724","3",33.1,599
"3727","1",53.6,585
"3728","4",52,620
"3730","2",66.9,684
"3731","1",61,456
"3732","5",57,676
"3733","3",52,742
"3735","1",59,748
"3736","2",59,757
"3737","2",62.1,595
"3740","3",45,633
"3742","1",43,743
"3743","3",44.6,512
"3744","7",41,415
"3747","6",57,536
"3748","5",48,682
"3749","5",57,814
"3751","5",45,677
"3752","5",63,665
"3753","6",53.1,458
"3754","5",55,724
"3757","3",46.9,625
"3758","7",59,573
"3759","3",62.1,742
"3760","4",39.2,429
"3761","7",63,529
"3762","6",55,656
"3763","6",57.9,613
"3765","7",43,444
"3767","6",51.1,527
"3768","2",52,712
"3769","5",71.1,782
"3770","2",64.9,600
"3772","7",48,532
"3773","5",61,677
"3774","2",41,765
"3775","5",53.1,688
"3777","3",48.2,718
"3778","4",59,374
"3779","7",37.4,494
"3780","1",42.1,684
"3781","4",55.9,550
"3782","3",46,652
"3783","7",36,465
"3784","3",43,514
"3785","3",42.1,749
"3786","1",55.9,697
"3787","2",46,731
"3788","7",57,404
"3789","1",43,580
"3790","6",46,601
"3791","6",60.1,499
"3792","1",45,622
"3793","4",39.9,681
"3794","1",46,689
"3795","5",50,841
"3796","7",54,505
"3797","4",46.9,806
"3798","5",60.8,681
"3799","6",61,568
"3800","7",51.1,622
"3801","2",55,684
"3802","5",39.9,705
"3803","7",55,558
"3804","5",61,782
"3805","6",39,652
"3806","4",41,686
"3807","1",39,651
"3808","4",44.1,582
"3809","3",41,631
"3810","2",41,707
"3811","6",52,628
"3815","4",46,545
"3817","7",48.2,448
"3818","5",48.2,714
"3820","6",51.1,629
"3821","7",66.9,549
"3822","7",48.9,420
"3824","1",48.9,549
"3826","7",42.1,455
"3828","3",53.1,520
"3830","1",51.1,684
"3831","4",60.1,573
"3832","6",50,628
"3833","2",33.1,719
"3835","7",53.1,485
"3836","6",66,578
"3837","2",53.1,553
"3838","3",53.1,575
"3840","6",46.9,523
"3841","2",48.9,645
"3842","7",39,547
"3843","6",35.1,520
"3844","1",54,737
"3845","2",62.1,621
"3846","3",55.9,655
"3847","1",54,668
"3848","3",46,501
"3849","3",62.1,805
"3852","7",53.6,455
"3853","1",42.1,518
"3854","4",48,527
"3855","1",48,720
"3858","5",53.1,674
"3860","5",61,694
"3861","7",51.1,384
"3863","5",50,720
"3865","3",39.9,676
"3867","3",43,550
"3868","4",46,635
"3869","7",35.1,522
"3872","4",59,745
"3873","1",46,706
"3874","4",46.4,542
"3875","6",52,575
"3877","2",48.9,711
"3878","6",55.4,580
"3879","7",46,510
"3880","6",55,406
"3882","4",45,620
"3884","4",51.1,742
"3886","5",44.1,682
"3887","6",36,623
"3888","1",71.1,707
"3889","6",54,355
"3890","7",36,409
"3891","1",60.1,621
"3896","5",46,760
"3899","5",48,648
"3902","2",46,630
"3907","3",54,555
"3908","5",53.1,772
"3909","5",62.1,759
"3910","2",44.1,469
"3911","3",43,689
"3912","1",48.9,519
"3913","3",34,461
"3914","1",57,593
"3915","6",36,538
"3917","2",45,465
"3918","7",61,518
"3919","5",55,680
"3920","4",35.1,428
"3921","4",48.9,700
"3922","4",60.1,668
"3924","2",54,618
"3925","6",23,565
"3926","1",66.9,637
"3927","1",46,665
"3928","5",54,448
"3929","6",50,565
"3930","3",45,637
"3933","3",39,552
"3935","1",54,411
"3936","6",37.9,505
"3940","2",46.4,354
"3941","4",45,607
"3942","6",46.9,554
"3944","2",62.6,699
"3945","7",50,365
"3946","1",43,566
"3947","7",39,513
"3950","4",39.9,599
"3952","4",46.9,414
"3953","2",39,539
"3954","7",46.9,482
"3955","4",71.1,603
"3957","1",48.9,791
"3959","2",32,703
"3960","7",41,456
"3961","1",41,725
"3962","5",39.9,476
"3965","2",57,530
"3966","3",60.1,546
"3967","7",57.9,521
"3970","2",44.1,443
"3972","6",44.6,442
"3973","3",57.9,578
"3975","2",50,687
"3977","7",55,394
"3978","7",50,544
"3980","3",28,577
"3981","5",59,767
"3982","2",57.9,667
"3983","2",61,704
"3984","5",35.1,695
"3987","7",71.1,505
"3988","3",37,701
"3990","5",50,446
"3992","7",48,469
"3994","6",55.9,577
"3995","1",64.9,644
"3997","1",57.9,619
"3998","3",53.1,519
"3999","4",59,693
"4000","6",55,475
"4001","7",43,500
"4002","2",64,515
"4003","5",33.1,698
"4005","4",46,606
"4006","7",46,439
"4008","5",48.9,692
"4009","5",34,792
"4010","2",64,746
"4011","1",50,394
"4012","3",68,673
"4013","6",61,395
"4015","5",50,563
"4016","2",55,657
"4017","6",39,661
"4018","2",59,578
"4019","5",45,673
"4020","1",54,612
"4022","3",46.4,569
"4024","6",43,555
"4025","6",42.1,567
"4027","5",37.9,687
"4028","5",21.9,598
"4029","4",57,623
"4030","7",21.9,462
"4031","1",48,476
"4033","3",57.9,514
"4035","2",37,700
"4036","6",44.1,465
"4038","5",42.1,652
"4039","2",60.1,569
"4040","7",46.9,500
"4044","4",33.1,648
"4047","2",37,620
"4048","3",42.1,649
"4050","4",24.1,609
"4051","1",37.4,482
"4052","1",39,639
"4053","1",37,722
"4054","2",46,533
"4055","3",37,605
"4056","2",46.4,732
"4057","6",63,594
"4058","2",54,645
"4060","7",43,409
"4061","6",34,690
"4062","1",61,490
"4063","4",42.1,597
"4064","3",36,701
"4068","3",55,700
"4069","4",57.9,734
"4070","4",39.9,669
"4073","1",39.9,640
"4074","5",54,690
"4075","6",50,566
"4076","6",57,624
"4077","3",61,651
"4080","7",42.1,408
"4083","6",46.9,592
"4084","5",46,583
"4085","4",54,621
"4086","2",44.1,611
"4087","7",39.9,450
"4089","1",39,580
"4090","2",37.9,543
"4091","6",44.1,594
"4093","4",44.6,606
"4096","2",68,755
"4097","5",39.9,701
"4098","4",42.1,749
"4099","7",55.9,503
"4100","1",42.1,579
"4103","6",45,480
"4104","4",36,699
"4105","3",48,590
"4106","5",55.9,751
"4108","1",50,649
"4109","3",50,709
"4110","3",39.2,531
"4113","5",41,557
"4114","1",41,518
"4117","7",50,493
"4118","2",42.1,645
"4119","6",45,542
"4121","7",44.6,411
"4122","4",52,525
