"","day_num","max_temp_standardised","num_collisions"
"1","4",-1.46607068466707,586
"2","5",-2.56192849288116,705
"3","7",-0.912550669293629,445
"4","3",-0.409350655317773,502
"5","1",-1.79594624938458,703
"6","3",-1.13060400868317,514
"7","4",-1.13060400868317,580
"8","1",-2.7520262759387,412
"9","5",-1.41575068326949,666
"10","4",-0.34784843138739,592
"11","3",-1.52757290859745,489
"12","3",-1.46607068466707,579
"13","4",-2.80234627733629,601
"14","5",-1.74562624798699,644
"15","6",-0.750408442568075,383
"16","7",-0.912550669293629,376
"17","1",-1.07469289601918,452
"18","1",-0.912550669293629,584
"20","2",-1.63380402265902,618
"21","7",-1.29274623540872,411
"22","7",-0.789546221432864,398
"23","2",-1.24242623401113,681
"24","3",-2.66256849567633,498
"25","4",-2.56192849288116,612
"26","2",-1.96927069864293,627
"27","4",-1.0243728946216,451
"28","2",-1.13060400868317,571
"29","5",-0.789546221432864,524
"30","3",-1.24242623401113,630
"31","5",-1.46607068466707,596
"32","7",-1.74562624798699,374
"33","5",-1.15296845374876,589
"34","6",-1.46607068466707,479
"35","4",-1.18092401008075,504
"36","1",-1.13060400868317,565
"37","6",-1.74562624798699,520
"38","2",-0.409350655317773,430
"39","3",-1.07469289601918,553
"40","1",-1.15296845374876,360
"41","7",-1.65616846772462,380
"42","5",-1.07469289601918,598
"43","4",-1.3542484593391,521
"44","6",-1.3542484593391,448
"45","6",-1.41575068326949,533
"46","6",-1.0243728946216,455
"49","3",-1.3542484593391,625
"50","4",-0.677723996104896,696
"52","5",-1.18092401008075,518
"56","6",-0.789546221432864,353
"57","4",-1.85744847331496,561
"58","4",-1.07469289601918,542
"59","5",-1.63380402265902,667
"60","7",-0.912550669293629,373
"61","2",-1.07469289601918,497
"62","1",-1.46607068466707,658
"63","4",-0.912550669293629,610
"65","1",-1.24242623401113,477
"66","4",-1.74562624798699,519
"67","4",-1.96927069864293,657
"70","1",-0.851048445363247,559
"71","5",-1.52757290859745,677
"73","3",-1.0243728946216,583
"75","1",-1.52757290859745,580
"77","4",-1.41575068326949,508
"81","7",-0.739226220035278,418
"82","3",-1.96927069864293,645
"83","6",-1.0243728946216,475
"84","1",-1.74562624798699,507
"86","3",-0.34784843138739,497
"87","4",-1.74562624798699,548
"88","4",-1.85744847331496,549
"89","7",-1.52757290859745,490
"90","3",-1.18092401008075,687
"91","3",-0.912550669293629,487
"92","5",-0.912550669293629,456
"93","7",-0.912550669293629,411
"95","2",-1.24242623401113,657
"96","7",-0.521172880645741,412
"98","5",-0.789546221432864,722
"100","2",-1.63380402265902,617
"101","1",0.378996033244403,542
"103","6",-0.912550669293629,475
"104","5",-0.912550669293629,605
"105","2",-1.52757290859745,597
"106","6",-1.74562624798699,774
"107","3",-0.851048445363247,508
"108","6",-2.0810929239709,418
"111","4",-1.0243728946216,681
"112","6",-1.68412402405661,495
"114","2",-1.79594624938458,556
"115","2",-2.13700403663488,777
"120","3",-1.41575068326949,495
"121","4",-1.52757290859745,525
"122","5",-1.15296845374876,602
"124","2",-0.962870670691215,542
"129","2",-1.57789290999504,571
"130","5",-1.74562624798699,600
"132","1",-0.62740399470731,568
"133","2",-0.286346207457008,531
"135","5",-1.18092401008075,660
"136","3",-1.63380402265902,611
"138","2",-1.18092401008075,637
"139","2",-1.13060400868317,408
"140","1",-2.24882626196285,669
"141","3",-1.52757290859745,578
"142","2",-0.739226220035278,559
"145","5",-1.52757290859745,599
"148","1",0.155351582588467,476
"149","6",0.155351582588467,439
"151","4",-1.24242623401113,491
"152","4",-1.29274623540872,521
"153","1",-1.24242623401113,545
"154","6",-1.29274623540872,456
"155","4",-1.57789290999504,666
"157","7",-0.962870670691215,485
"158","5",-1.46607068466707,560
"159","2",-1.29274623540872,500
"160","4",-1.57789290999504,597
"161","6",-0.521172880645741,510
"162","2",-0.962870670691215,734
"163","1",-1.96927069864293,720
"164","7",-0.521172880645741,381
"165","3",-1.79594624938458,399
"166","1",-1.41575068326949,355
"167","2",-0.962870670691215,513
"168","4",-0.62740399470731,563
"169","4",-0.912550669293629,413
"170","5",-0.571492882043326,522
"173","3",-1.79594624938458,480
"175","5",-1.63380402265902,702
"176","4",-1.46607068466707,395
"178","3",-0.739226220035278,629
"179","7",-1.07469289601918,393
"181","1",-1.13060400868317,459
"185","5",-1.29274623540872,645
"187","6",-0.739226220035278,563
"188","6",-1.46607068466707,428
"189","5",-1.41575068326949,598
"190","7",-0.521172880645741,532
"191","7",-1.74562624798699,429
"192","3",-1.57789290999504,623
"193","6",-0.409350655317773,465
"194","6",-2.18732403803247,558
"197","5",-0.236026206059422,704
"200","5",-1.41575068326949,561
"201","2",-0.851048445363247,516
"203","1",-1.13060400868317,521
"204","7",-0.739226220035278,451
"206","7",-1.24242623401113,428
"207","7",-1.29274623540872,406
"208","3",-2.36064848729082,649
"209","1",-1.18092401008075,511
"210","4",-0.962870670691215,555
"211","3",-1.63380402265902,596
"212","6",-1.29274623540872,422
"215","6",-1.3542484593391,596
"217","3",-0.739226220035278,590
"218","2",-1.41575068326949,381
"222","5",-2.29914626336043,674
"224","3",-0.962870670691215,670
"229","6",-2.0810929239709,475
"230","2",-1.63380402265902,640
"232","1",-1.29274623540872,496
"234","7",-2.64020405061074,475
"237","1",-0.571492882043326,518
"238","3",-1.3542484593391,549
"239","7",-1.68412402405661,517
"240","4",0.0435293572604984,646
"241","3",-2.47247071261878,616
"243","2",-1.0243728946216,579
"244","3",-1.63380402265902,506
"245","3",-1.3542484593391,495
"246","5",-0.0179728666698838,604
"247","7",-1.13060400868317,432
"248","2",-1.18092401008075,684
"249","3",-0.962870670691215,576
"252","5",-1.57789290999504,505
"253","2",-2.18732403803247,504
"254","6",-1.24242623401113,495
"255","5",-0.962870670691215,393
"256","6",-1.29274623540872,389
"257","5",-1.52757290859745,622
"259","1",-0.962870670691215,449
"260","4",-2.4221507112212,554
"262","7",-2.29914626336043,494
"264","7",-2.0810929239709,465
"266","1",-0.571492882043326,531
"267","4",-1.63380402265902,634
"268","2",-2.18732403803247,654
"269","1",-1.46607068466707,601
"270","4",-1.18092401008075,552
"271","5",-1.29274623540872,442
"272","4",-1.18092401008075,602
"273","6",-1.24242623401113,501
"274","2",-1.13060400868317,404
"279","3",-1.13060400868317,454
"280","7",-0.409350655317773,388
"281","5",-1.24242623401113,563
"282","2",-1.46607068466707,613
"284","1",-2.47247071261878,453
"285","1",-1.24242623401113,390
"286","4",-0.851048445363247,547
"287","6",-1.05232845095359,554
"288","1",-1.96927069864293,523
"289","5",-1.79594624938458,751
"290","7",-1.29274623540872,360
"291","6",-1.79594624938458,481
"292","1",-1.29274623540872,481
"293","7",-2.18732403803247,406
"295","3",-1.74562624798699,458
"296","3",-2.53397293654917,545
"297","6",-0.739226220035278,530
"301","5",-1.18092401008075,583
"302","6",-0.236026206059422,603
"303","6",-0.789546221432864,484
"304","7",0.216853806518849,391
"307","7",-0.34784843138739,462
"309","3",-0.286346207457008,615
"310","2",-1.91895069724534,544
"314","4",-2.36064848729082,573
"316","4",-0.236026206059422,592
"317","4",-1.96927069864293,464
"320","1",-0.34784843138739,680
"321","3",-1.18092401008075,605
"322","3",-2.36064848729082,538
"324","6",-2.58429293794675,599
"326","7",-0.677723996104896,393
"327","1",-0.521172880645741,498
"328","4",-1.79594624938458,603
"329","1",-1.68412402405661,484
"330","5",-2.26000848449564,423
"331","2",-1.91895069724534,662
"332","5",-0.912550669293629,566
"334","2",-1.18092401008075,564
"335","5",-2.03077292257331,700
"336","2",-1.24242623401113,659
"337","6",-1.52757290859745,526
"339","6",-1.96927069864293,402
"340","2",-1.63380402265902,491
"341","1",-1.0243728946216,667
"342","2",-1.29274623540872,527
"343","7",-1.0243728946216,439
"344","6",-0.34784843138739,535
"345","3",-1.3542484593391,639
"346","6",-1.46607068466707,540
"347","5",-2.47247071261878,651
"348","5",-0.571492882043326,661
"349","2",-0.0179728666698838,570
"350","4",-1.07469289601918,664
"351","7",-0.739226220035278,490
"352","4",-1.57789290999504,699
"353","5",-0.739226220035278,546
"354","3",-1.63380402265902,529
"355","6",-1.18092401008075,439
"356","6",-1.74562624798699,577
"357","5",-0.34784843138739,616
"358","1",-1.52757290859745,568
"359","4",-1.07469289601918,588
"360","2",-1.52757290859745,687
"361","1",-1.29274623540872,406
"362","3",-1.63380402265902,615
"363","2",-1.24242623401113,670
"364","3",-0.0179728666698838,615
"365","1",-1.0243728946216,700
"366","7",-1.68412402405661,445
"367","7",-1.0243728946216,401
"368","4",-0.739226220035278,597
"369","1",-0.236026206059422,651
"370","7",-1.24242623401113,519
"371","2",-1.25360845654393,613
"372","6",-1.18092401008075,409
"373","4",-0.0179728666698838,581
"374","6",-1.18092401008075,507
"375","6",-0.851048445363247,549
"376","2",-0.286346207457008,464
"377","7",-1.96927069864293,445
"379","7",-0.174523982129039,479
"380","2",-0.174523982129039,527
"381","2",-0.962870670691215,458
"383","3",-1.79594624938458,626
"384","3",-1.18092401008075,570
"387","7",-0.521172880645741,417
"388","2",-0.34784843138739,591
"389","1",-1.13060400868317,475
"390","4",-1.07469289601918,504
"395","2",-1.41575068326949,545
"396","7",-1.63380402265902,400
"397","2",-0.34784843138739,711
"398","1",-0.174523982129039,493
"400","3",-0.459670656715358,477
"401","6",-1.52757290859745,449
"404","1",-0.739226220035278,557
"405","7",-1.63380402265902,361
"407","6",-1.96927069864293,538
"408","2",-0.521172880645741,631
"409","3",-1.46607068466707,566
"411","1",-0.912550669293629,435
"412","3",-0.677723996104896,671
"414","7",-1.91895069724534,450
"415","7",-0.521172880645741,392
"416","3",-1.46607068466707,537
"417","4",-1.07469289601918,631
"419","7",-1.13060400868317,541
"420","4",-0.789546221432864,517
"421","3",-0.174523982129039,673
"422","2",-2.13700403663488,620
"423","3",-1.13060400868317,552
"426","7",-1.0243728946216,423
"427","3",-1.29274623540872,585
"428","7",-1.13060400868317,391
"435","4",-0.286346207457008,645
"436","7",-0.62740399470731,414
"437","3",-1.0243728946216,574
"438","6",-1.41575068326949,440
"440","2",-1.46607068466707,518
"441","6",-0.124203980731454,570
"443","4",-1.13060400868317,594
"445","5",-1.68412402405661,504
"446","7",-0.236026206059422,481
"451","6",-1.85744847331496,424
"452","6",-0.962870670691215,511
"455","5",-1.68412402405661,583
"456","2",0.0938493586580844,535
"457","6",-0.571492882043326,540
"459","1",-0.571492882043326,615
"462","4",-1.41575068326949,526
"463","3",-1.0243728946216,603
"464","5",-1.85744847331496,703
"465","3",-0.236026206059422,432
"466","6",-2.03077292257331,517
"468","6",-1.85744847331496,436
"469","4",-0.851048445363247,556
"471","7",-1.18092401008075,472
"472","3",-0.459670656715358,579
"473","3",-0.236026206059422,654
"474","2",-1.46607068466707,571
"475","4",-1.0243728946216,586
"476","2",-1.96927069864293,566
"477","7",-1.18092401008075,373
"479","3",0.720053820494705,601
"482","4",-1.79594624938458,569
"483","5",-0.571492882043326,604
"484","3",-1.79594624938458,511
"486","6",-1.18092401008075,553
"487","1",-0.34784843138739,716
"488","4",-1.68412402405661,526
"489","1",-1.13060400868317,490
"490","2",-1.18092401008075,537
"491","3",-2.18732403803247,640
"492","4",-0.34784843138739,609
"493","2",-1.46607068466707,613
"494","5",-0.174523982129039,582
"495","5",0.267173807916435,657
"496","3",-0.677723996104896,449
"497","1",-1.0243728946216,572
"498","1",-0.459670656715358,559
"499","4",-0.962870670691215,448
"500","2",-2.03077292257331,636
"501","5",-1.13060400868317,609
"503","6",-1.3542484593391,388
"505","5",-1.57789290999504,532
"506","6",-1.29274623540872,604
"508","2",-0.912550669293629,626
"510","7",-1.18092401008075,387
"514","6",0.267173807916435,573
"515","1",-1.91895069724534,678
"516","3",-0.962870670691215,438
"517","1",-1.85744847331496,491
"519","2",-1.41575068326949,688
"521","2",-0.571492882043326,483
"522","1",-0.962870670691215,568
"523","1",-0.174523982129039,543
"524","3",-1.13060400868317,653
"525","6",-1.0243728946216,449
"526","7",-0.571492882043326,448
"530","5",-1.85744847331496,675
"531","1",-0.0179728666698838,428
"532","4",-1.74562624798699,571
"533","6",-0.851048445363247,407
"534","3",-1.57789290999504,628
"535","2",-0.912550669293629,477
"536","6",-0.62740399470731,587
"538","5",-1.41575068326949,548
"539","7",-1.41575068326949,394
"540","7",-0.0179728666698838,438
"541","4",-1.57789290999504,592
"542","1",-0.677723996104896,540
"543","2",-2.4221507112212,580
"544","4",-1.13060400868317,616
"545","6",-0.236026206059422,555
"546","4",-1.57789290999504,539
"548","4",-0.571492882043326,544
"549","5",-1.74562624798699,655
"551","3",-0.962870670691215,477
"552","1",-1.96927069864293,553
"553","5",-0.951688448158418,545
"554","7",-1.29274623540872,429
"555","4",-1.24242623401113,569
"556","6",-1.29274623540872,521
"557","6",-2.03077292257331,534
"561","3",-1.68412402405661,468
"562","2",-0.789546221432864,428
"563","7",-0.962870670691215,439
"564","7",-0.286346207457008,509
"565","5",-1.52757290859745,531
"567","6",-1.41575068326949,516
"569","2",-0.649768439772904,615
"572","5",-1.91895069724534,628
"576","3",-0.62740399470731,525
"577","5",-1.13060400868317,617
"580","1",-1.07469289601918,706
"581","4",0.720053820494705,550
"584","1",-1.63380402265902,680
"586","4",-0.236026206059422,663
"588","5",-1.18092401008075,632
"591","6",-1.3542484593391,478
"592","1",-0.236026206059422,616
"593","7",-1.0243728946216,426
"594","2",-1.13060400868317,498
"595","2",-1.74562624798699,740
"597","5",-0.521172880645741,604
"599","2",-1.18092401008075,513
"601","5",-0.912550669293629,607
"602","6",-1.41575068326949,466
"603","6",-1.29274623540872,456
"605","5",-2.13700403663488,652
"607","1",-0.62740399470731,569
"608","7",-0.124203980731454,462
"610","6",-1.74562624798699,541
"611","3",-1.41575068326949,610
"613","4",-1.46607068466707,622
"614","6",-1.85744847331496,403
"616","2",-1.41575068326949,571
"618","1",-1.68412402405661,398
"619","5",-1.18092401008075,708
"620","5",-1.41575068326949,476
"621","7",-1.57789290999504,464
"622","5",-1.3542484593391,680
"623","5",-1.74562624798699,574
"624","1",-2.24882626196285,402
"627","1",-1.24242623401113,574
"629","5",-1.41575068326949,757
"630","4",-1.0243728946216,652
"631","4",-1.74562624798699,498
"632","4",-0.174523982129039,507
"633","5",-1.24242623401113,530
"634","5",-1.41575068326949,792
"635","4",-1.79594624938458,515
"636","6",-2.13700403663488,480
"638","1",-1.0243728946216,501
"639","7",-1.68412402405661,447
"640","1",-1.57789290999504,547
"641","5",-2.13700403663488,621
"642","3",-1.13060400868317,510
"643","1",-1.41575068326949,642
"644","5",-1.74562624798699,703
"645","4",-0.962870670691215,581
"646","4",-1.63380402265902,447
"647","3",-1.0243728946216,550
"648","7",-1.85744847331496,454
"649","2",-0.739226220035278,623
"650","3",-0.521172880645741,660
"652","5",-1.46607068466707,652
"653","3",-1.85744847331496,589
"654","6",-0.912550669293629,523
"655","7",-1.29274623540872,503
"656","6",-1.3542484593391,642
"657","2",-1.52757290859745,639
"658","5",-1.74562624798699,711
"659","1",-1.29274623540872,503
"660","7",-0.912550669293629,462
"661","1",-0.677723996104896,645
"662","4",-1.85744847331496,556
"663","4",-0.677723996104896,644
"664","5",0.546729371236355,673
"665","5",-0.34784843138739,563
"666","3",0.658551596564323,660
"667","4",-0.236026206059422,525
"668","3",-0.677723996104896,584
"670","4",-0.459670656715358,611
"671","4",-0.677723996104896,613
"674","7",-1.91895069724534,693
"675","2",-0.789546221432864,565
"676","1",-1.13060400868317,618
"677","6",0.267173807916435,516
"678","3",-0.0179728666698838,629
"680","7",-1.18092401008075,500
"686","1",-1.07469289601918,575
"689","3",-1.57789290999504,491
"691","2",-0.851048445363247,627
"692","5",0.378996033244403,546
"694","5",-0.174523982129039,580
"695","2",0.0938493586580844,632
"696","2",-0.62740399470731,584
"697","3",0.0435293572604984,515
"698","1",-0.286346207457008,526
"699","6",-1.57789290999504,497
"701","3",-1.0243728946216,562
"702","2",-0.34784843138739,636
"704","3",-0.912550669293629,538
"705","4",-0.459670656715358,456
"706","3",-0.739226220035278,629
"708","7",-0.174523982129039,435
"713","2",-0.739226220035278,637
"716","6",-0.34784843138739,513
"719","6",-0.789546221432864,507
"722","7",-0.912550669293629,464
"725","7",-0.789546221432864,415
"727","6",-0.459670656715358,540
"728","2",-1.46607068466707,474
"731","7",-0.571492882043326,459
"732","2",-1.0243728946216,676
"733","4",-0.236026206059422,619
"736","2",-1.13060400868317,601
"737","5",-0.459670656715358,654
"738","1",-0.62740399470731,661
"739","1",-1.63380402265902,792
"740","5",-0.174523982129039,532
"741","1",-0.739226220035278,750
"742","1",-1.0243728946216,686
"746","1",-0.677723996104896,629
"747","2",-0.62740399470731,374
"750","2",-1.85744847331496,532
"751","4",-0.0179728666698838,612
"753","4",0.720053820494705,629
"754","6",0.155351582588467,625
"756","7",0.267173807916435,450
"757","3",0.267173807916435,571
"758","2",-0.677723996104896,425
"759","3",-0.34784843138739,565
"760","7",-0.286346207457008,466
"763","2",-0.0179728666698838,510
"764","7",-0.62740399470731,426
"765","1",-0.739226220035278,529
"767","7",-1.52757290859745,426
"769","1",-0.789546221432864,513
"771","7",-1.13060400868317,465
"772","4",-0.789546221432864,549
"774","6",-1.0243728946216,521
"775","4",-0.677723996104896,624
"777","2",-1.46607068466707,631
"778","4",-1.24242623401113,508
"779","3",-0.912550669293629,562
"780","3",-0.789546221432864,441
"783","5",-0.851048445363247,732
"784","1",-0.409350655317773,562
"786","5",-1.13060400868317,603
"788","3",-0.521172880645741,650
"792","2",-0.34784843138739,550
"793","5",-0.236026206059422,530
"794","6",-1.3542484593391,601
"795","2",-0.62740399470731,628
"796","6",-0.459670656715358,515
"797","3",-0.0179728666698838,473
"798","6",-0.789546221432864,550
"799","2",-0.677723996104896,592
"803","4",-0.521172880645741,529
"805","1",-1.46607068466707,650
"807","4",-0.851048445363247,703
"808","5",0.770373821892291,672
"811","6",-1.13060400868317,507
"812","3",-0.34784843138739,609
"813","6",-0.174523982129039,589
"814","3",-1.13060400868317,574
"815","4",-1.24242623401113,830
"816","1",-0.677723996104896,522
"817","1",-1.24242623401113,586
"818","4",-1.24242623401113,582
"819","6",-0.174523982129039,571
"820","1",-0.851048445363247,710
"821","7",-0.962870670691215,526
"822","7",-0.459670656715358,404
"823","5",-1.0243728946216,609
"824","6",-0.124203980731454,493
"825","3",-0.286346207457008,672
"826","1",-1.41575068326949,440
"829","7",-0.34784843138739,408
"831","2",-1.24242623401113,551
"832","5",-0.571492882043326,520
"833","7",-1.0243728946216,451
"835","7",-0.409350655317773,419
"836","6",-1.52757290859745,578
"837","4",-1.46607068466707,633
"839","3",-0.677723996104896,636
"840","6",0.378996033244403,530
"841","4",-1.63380402265902,625
"842","5",-1.24242623401113,570
"843","7",-0.124203980731454,427
"844","7",-1.07469289601918,505
"845","6",-0.571492882043326,569
"847","5",-0.677723996104896,612
"848","6",-1.41575068326949,474
"849","3",0.328676031846817,621
"852","5",-0.789546221432864,673
"855","5",-1.0243728946216,756
"856","1",-1.18092401008075,616
"857","5",-1.07469289601918,585
"858","7",-1.57789290999504,489
"859","4",0.378996033244403,652
"861","1",-0.286346207457008,571
"862","3",-1.18092401008075,525
"863","5",-1.46607068466707,685
"865","6",-1.07469289601918,459
"866","6",-1.0243728946216,504
"867","5",-1.29274623540872,751
"868","1",-1.29274623540872,547
"869","4",-0.286346207457008,639
"871","2",0.378996033244403,450
"873","1",-0.851048445363247,617
"874","5",-1.41575068326949,745
"875","7",-1.18092401008075,423
"876","1",-1.3542484593391,498
"877","5",-0.739226220035278,753
"878","2",-0.236026206059422,662
"879","1",-1.13060400868317,679
"882","7",-1.41575068326949,502
"883","6",-0.174523982129039,569
"884","1",-0.62740399470731,556
"885","6",-0.236026206059422,371
"886","4",-0.62740399470731,627
"888","2",-0.459670656715358,547
"889","2",-0.521172880645741,610
"890","6",-0.409350655317773,519
"891","2",-0.571492882043326,628
"893","1",-0.174523982129039,658
"894","4",-1.18092401008075,538
"895","1",0.378996033244403,546
"896","5",-1.57789290999504,533
"897","6",-0.962870670691215,515
"899","4",-0.851048445363247,760
"901","7",-0.789546221432864,491
"902","2",-0.459670656715358,528
"903","2",-1.0243728946216,597
"905","5",-0.124203980731454,644
"906","7",-1.0243728946216,432
"907","2",-0.912550669293629,527
"908","3",-1.13060400868317,540
"911","5",0.216853806518849,551
"912","7",-0.409350655317773,412
"913","5",-1.0243728946216,607
"917","2",-1.24242623401113,578
"919","1",-1.29274623540872,519
"920","5",-1.3542484593391,604
"921","1",-1.63380402265902,623
"922","1",-0.62740399470731,378
"923","2",-0.459670656715358,608
"924","6",-1.29274623540872,567
"925","4",-1.46607068466707,839
"926","4",-0.34784843138739,586
"927","7",-1.13060400868317,456
"928","7",-2.03077292257331,516
"930","6",-0.962870670691215,562
"933","4",0.328676031846817,635
"935","6",-1.46607068466707,536
"936","4",-1.46607068466707,558
"937","2",-0.677723996104896,586
"941","1",-0.521172880645741,559
"942","5",-0.62740399470731,589
"944","6",-1.07469289601918,488
"945","4",-0.236026206059422,665
"947","5",-0.962870670691215,753
"950","6",-1.91895069724534,548
"952","1",-1.29274623540872,597
"953","3",-1.0243728946216,517
"954","6",-0.0179728666698838,550
"955","2",-1.24242623401113,559
"956","3",-0.34784843138739,540
"957","7",-1.07469289601918,479
"958","7",-0.789546221432864,459
"959","7",-0.912550669293629,457
"960","5",-0.912550669293629,718
"961","3",-0.571492882043326,653
"963","3",-1.3542484593391,652
"964","7",-1.0243728946216,550
"965","4",-1.18092401008075,557
"966","6",-0.912550669293629,609
"968","3",-0.34784843138739,617
"969","4",-0.962870670691215,689
"970","1",-0.174523982129039,640
"971","3",-1.46607068466707,477
"972","3",-1.46607068466707,547
"973","7",-0.34784843138739,437
"975","2",-1.63380402265902,374
"976","6",-0.912550669293629,530
"977","4",0.267173807916435,653
"980","3",-1.46607068466707,563
"981","3",-1.85744847331496,650
"985","4",-1.3542484593391,535
"986","3",-1.18092401008075,475
"987","4",-0.521172880645741,545
"992","2",-0.174523982129039,683
"994","2",-0.286346207457008,587
"995","4",0.267173807916435,688
"996","7",0.155351582588467,487
"998","2",0.658551596564323,592
"999","3",-0.286346207457008,519
"1001","1",0.770373821892291,594
"1002","7",0.658551596564323,457
"1003","3",0.831876045822673,540
"1008","7",0.546729371236355,568
"1009","6",0.155351582588467,604
"1010","4",0.0435293572604984,632
"1016","2",-0.739226220035278,553
"1017","5",0.0938493586580844,675
"1020","6",0.658551596564323,599
"1021","7",0.0435293572604984,398
"1022","5",0.267173807916435,690
"1024","3",-0.0179728666698838,587
"1028","1",-0.286346207457008,565
"1029","1",0.0435293572604984,541
"1030","6",0.831876045822673,605
"1032","1",0.938107159884243,687
"1036","7",-0.409350655317773,395
"1037","4",-0.124203980731454,540
"1039","4",0.0938493586580844,592
"1042","4",0.216853806518849,518
"1043","5",0.0435293572604984,515
"1045","6",0.0435293572604984,456
"1046","5",0.0435293572604984,500
"1048","5",0.155351582588467,688
"1049","5",0.831876045822673,551
"1050","6",0.216853806518849,597
"1051","1",-0.124203980731454,646
"1054","7",0.0435293572604984,443
"1055","3",-0.789546221432864,612
"1056","2",-1.24242623401113,551
"1058","7",0.216853806518849,440
"1059","1",0.155351582588467,554
"1060","7",-0.459670656715358,472
"1061","5",-0.0179728666698838,733
"1062","1",0.155351582588467,675
"1063","1",-0.174523982129039,510
"1066","1",0.0938493586580844,521
"1067","1",0.0938493586580844,597
"1069","4",-0.286346207457008,537
"1070","6",0.155351582588467,587
"1072","1",0.216853806518849,488
"1073","5",0.770373821892291,741
"1074","6",0.546729371236355,578
"1075","4",0.267173807916435,729
"1076","2",0.155351582588467,671
"1077","2",0.155351582588467,542
"1078","6",0.155351582588467,525
"1079","2",-0.124203980731454,537
"1084","6",-0.459670656715358,551
"1088","4",-0.124203980731454,610
"1089","6",-0.409350655317773,555
"1093","3",0.0435293572604984,621
"1094","3",0.597049372633941,580
"1096","7",-0.459670656715358,505
"1098","1",0.434907145908387,582
"1099","1",0.0435293572604984,522
"1100","4",0.597049372633941,590
"1101","3",-0.34784843138739,700
"1104","5",-0.124203980731454,617
"1105","6",0.0435293572604984,495
"1107","6",1.1002493866098,661
"1108","7",0.0938493586580844,568
"1109","5",-0.521172880645741,486
"1110","2",0.938107159884243,613
"1111","2",0.328676031846817,459
"1112","7",-0.236026206059422,484
"1114","7",0.0435293572604984,517
"1115","7",0.0938493586580844,541
"1116","5",-0.34784843138739,517
"1117","3",0.720053820494705,679
"1118","3",-0.174523982129039,510
"1119","3",0.0435293572604984,626
"1120","1",-0.459670656715358,598
"1121","7",-0.851048445363247,499
"1122","6",0.267173807916435,517
"1123","1",-0.236026206059422,533
"1125","4",0.0938493586580844,653
"1128","6",0.155351582588467,679
"1129","2",-0.789546221432864,668
"1130","3",0.216853806518849,598
"1131","3",0.328676031846817,595
"1132","4",-0.0682928680674697,553
"1136","5",-0.174523982129039,515
"1137","3",-0.789546221432864,648
"1139","7",0.658551596564323,482
"1140","5",-0.0682928680674697,582
"1141","5",0.770373821892291,702
"1143","7",-0.236026206059422,422
"1144","4",0.434907145908387,694
"1145","4",-0.174523982129039,489
"1147","7",-0.0682928680674697,477
"1149","3",0.216853806518849,568
"1151","3",0.658551596564323,515
"1153","1",-0.0682928680674697,558
"1154","1",-0.851048445363247,683
"1156","2",0.155351582588467,576
"1157","4",-0.286346207457008,517
"1158","7",-0.124203980731454,514
"1159","3",-0.962870670691215,628
"1160","6",-0.0179728666698838,581
"1161","1",0.485227147305973,634
"1162","4",0.0435293572604984,583
"1163","6",-0.851048445363247,557
"1165","4",-0.174523982129039,674
"1167","6",0.938107159884243,624
"1168","2",-0.286346207457008,549
"1169","6",0.0938493586580844,548
"1171","5",-0.912550669293629,496
"1172","7",0.0938493586580844,449
"1173","2",-0.0682928680674697,645
"1175","2",0.216853806518849,479
"1177","3",0.328676031846817,535
"1178","6",-0.124203980731454,584
"1179","3",-0.286346207457008,633
"1180","2",-0.0179728666698838,638
"1181","7",1.1002493866098,470
"1182","6",-0.174523982129039,592
"1183","1",-0.912550669293629,625
"1184","5",0.328676031846817,679
"1186","6",-0.174523982129039,487
"1187","7",-0.571492882043326,471
"1188","1",-0.34784843138739,603
"1190","5",-0.286346207457008,701
"1192","6",0.770373821892291,649
"1194","1",-0.0179728666698838,624
"1195","2",-0.124203980731454,564
"1197","2",-0.0682928680674697,606
"1199","5",0.546729371236355,609
"1200","1",-0.286346207457008,562
"1201","1",-0.174523982129039,479
"1202","7",-0.286346207457008,399
"1203","4",-0.571492882043326,706
"1204","2",-0.124203980731454,452
"1205","5",0.938107159884243,755
"1206","2",0.831876045822673,519
"1209","4",-0.236026206059422,645
"1210","4",-0.409350655317773,630
"1211","7",-0.62740399470731,451
"1212","3",0.434907145908387,697
"1213","2",0.485227147305973,516
"1215","1",-0.34784843138739,656
"1217","1",-0.0179728666698838,657
"1219","7",1.22325383447056,481
"1221","3",-0.521172880645741,554
"1223","4",-0.677723996104896,566
"1224","5",0.328676031846817,570
"1225","1",1.22325383447056,488
"1226","2",-0.124203980731454,598
"1228","6",-0.677723996104896,531
"1229","7",0.328676031846817,448
"1230","4",0.0938493586580844,660
"1231","4",0.378996033244403,560
"1232","3",-0.571492882043326,662
"1234","3",0.0938493586580844,613
"1235","5",-0.0682928680674697,491
"1236","2",0.938107159884243,732
"1237","1",0.658551596564323,514
"1238","5",-0.62740399470731,622
"1239","3",0.0938493586580844,580
"1240","7",0.155351582588467,393
"1241","5",0.0435293572604984,690
"1242","3",-0.0682928680674697,595
"1243","3",0.328676031846817,536
"1246","2",0.328676031846817,613
"1248","5",-0.409350655317773,696
"1253","1",-0.571492882043326,565
"1254","3",-0.286346207457008,630
"1259","6",-0.34784843138739,526
"1262","2",0.546729371236355,452
"1264","2",0.0938493586580844,555
"1267","7",0.831876045822673,471
"1270","1",-0.0682928680674697,630
"1271","4",-0.912550669293629,508
"1273","3",-0.124203980731454,570
"1274","5",-0.739226220035278,676
"1275","1",-1.13060400868317,602
"1277","6",-0.0682928680674697,507
"1278","7",-0.912550669293629,468
"1282","4",0.720053820494705,640
"1284","6",0.0435293572604984,532
"1286","2",-0.286346207457008,600
"1287","3",-0.739226220035278,651
"1288","4",-0.739226220035278,713
"1290","6",-0.459670656715358,576
"1291","5",-0.851048445363247,707
"1292","6",-0.677723996104896,580
"1293","2",-1.29274623540872,672
"1297","4",-0.62740399470731,612
"1298","4",-0.174523982129039,586
"1300","2",-0.677723996104896,513
"1302","5",-0.677723996104896,694
"1303","6",-0.459670656715358,627
"1304","2",-1.0243728946216,437
"1305","2",0.0435293572604984,638
"1307","3",-1.07469289601918,532
"1308","4",-1.13060400868317,452
"1311","3",-1.18092401008075,457
"1312","4",-0.521172880645741,531
"1315","2",-0.286346207457008,723
"1316","5",-0.912550669293629,649
"1318","6",-0.962870670691215,591
"1319","7",-0.789546221432864,585
"1320","7",-0.739226220035278,510
"1322","1",-0.34784843138739,741
"1328","7",-0.247208428592219,510
"1334","1",0.0547115797932954,742
"1335","5",-0.0179728666698838,766
"1336","3",0.155351582588467,676
"1341","6",0.356631588178809,589
"1343","6",0.328676031846817,553
"1344","2",0.770373821892291,689
"1345","3",0.882196047220259,729
"1346","2",1.33507605979853,809
"1347","4",0.434907145908387,694
"1348","1",0.267173807916435,689
"1349","4",0.328676031846817,732
"1350","2",0.485227147305973,647
"1354","5",0.831876045822673,765
"1355","1",0.546729371236355,695
"1357","5",0.546729371236355,650
"1359","3",0.938107159884243,574
"1362","2",0.831876045822673,606
"1363","4",0.831876045822673,684
"1364","1",1.1002493866098,581
"1365","3",0.658551596564323,711
"1366","6",0.546729371236355,650
"1367","2",0.658551596564323,736
"1368","5",0.434907145908387,660
"1369","3",0.546729371236355,669
"1370","5",1.49162717525769,723
"1371","1",0.720053820494705,652
"1372","4",0.720053820494705,698
"1373","4",0.720053820494705,668
"1375","7",0.831876045822673,472
"1376","1",0.658551596564323,658
"1377","7",0.988427161281829,543
"1380","4",0.988427161281829,770
"1382","7",0.597049372633941,547
"1383","6",0.0938493586580844,506
"1384","7",-0.124203980731454,529
"1385","4",0.658551596564323,663
"1387","1",-0.34784843138739,589
"1388","3",1.33507605979853,708
"1389","7",0.988427161281829,549
"1390","2",0.720053820494705,695
"1391","2",0.216853806518849,659
"1392","2",-0.236026206059422,647
"1396","2",0.0938493586580844,686
"1397","4",0.378996033244403,585
"1398","5",0.938107159884243,709
"1406","1",0.882196047220259,626
"1407","4",0.0938493586580844,615
"1408","7",0.831876045822673,555
"1411","4",0.485227147305973,593
"1412","3",0.0938493586580844,686
"1414","4",0.831876045822673,744
"1415","6",0.485227147305973,540
"1417","7",0.216853806518849,618
"1419","2",1.27357383586815,778
"1421","1",1.22325383447056,471
"1422","6",1.33507605979853,601
"1423","6",0.597049372633941,649
"1426","7",0.882196047220259,578
"1427","6",0.434907145908387,602
"1428","1",-0.236026206059422,719
"1429","1",0.831876045822673,409
"1430","3",0.720053820494705,575
"1433","4",-0.236026206059422,686
"1434","6",0.434907145908387,637
"1435","3",0.597049372633941,699
"1436","5",0.434907145908387,805
"1437","3",0.267173807916435,668
"1439","4",0.155351582588467,602
"1440","2",0.720053820494705,650
"1442","5",-0.124203980731454,584
"1443","5",-0.521172880645741,651
"1444","3",-0.286346207457008,599
"1445","4",0.434907145908387,642
"1446","3",1.27357383586815,733
"1448","5",0.378996033244403,742
"1450","5",0.770373821892291,698
"1451","3",0.216853806518849,691
"1452","5",0.328676031846817,660
"1453","2",-0.739226220035278,621
"1455","6",0.597049372633941,568
"1456","5",1.38539606119612,767
"1457","5",0.597049372633941,782
"1459","3",0.216853806518849,641
"1460","6",0.434907145908387,475
"1462","3",0.328676031846817,603
"1464","6",0.988427161281829,549
"1465","7",0.328676031846817,474
"1466","4",0.267173807916435,625
"1467","4",0.770373821892291,559
"1468","3",0.0938493586580844,532
"1470","4",1.1002493866098,682
"1471","4",0.485227147305973,722
"1472","1",0.434907145908387,420
"1473","6",0.267173807916435,523
"1474","4",1.38539606119612,742
"1475","7",0.882196047220259,432
"1476","2",0.831876045822673,713
"1477","5",0.546729371236355,723
"1478","2",1.16175161054018,645
"1479","2",0.328676031846817,565
"1481","5",1.38539606119612,736
"1482","2",0.831876045822673,654
"1483","3",0.328676031846817,649
"1485","6",0.328676031846817,486
"1488","3",0.485227147305973,693
"1490","6",0.434907145908387,520
"1491","4",0.434907145908387,654
"1492","1",0.378996033244403,646
"1493","2",-0.0459284230018758,624
"1494","5",-0.0179728666698838,817
"1497","2",1.1002493866098,760
"1498","1",1.16175161054018,442
"1499","7",-0.286346207457008,544
"1500","2",1.16175161054018,697
"1501","1",1.1002493866098,420
"1503","6",0.267173807916435,590
"1506","1",0.216853806518849,561
"1507","1",1.04992938521221,645
"1508","1",1.1002493866098,641
"1510","5",0.720053820494705,698
"1511","2",1.1002493866098,684
"1512","7",0.0435293572604984,591
"1513","7",0.267173807916435,571
"1514","3",0.882196047220259,570
"1515","5",0.597049372633941,726
"1517","1",1.16175161054018,433
"1518","4",0.216853806518849,596
"1520","3",0.328676031846817,601
"1523","4",1.38539606119612,685
"1526","4",0.328676031846817,593
"1527","7",0.597049372633941,495
"1528","4",0.831876045822673,735
"1530","1",0.988427161281829,566
"1532","7",0.988427161281829,584
"1533","2",0.485227147305973,592
"1534","7",-0.0179728666698838,484
"1536","1",1.1002493866098,689
"1538","7",1.22325383447056,555
"1539","7",1.16175161054018,510
"1541","6",1.1002493866098,622
"1542","2",-0.124203980731454,651
"1545","1",0.485227147305973,630
"1546","1",0.485227147305973,639
"1547","3",1.38539606119612,753
"1548","7",1.49162717525769,566
"1550","5",0.328676031846817,616
"1551","2",-0.236026206059422,565
"1552","6",0.938107159884243,560
"1553","1",0.378996033244403,572
"1554","6",0.0938493586580844,685
"1555","7",0.267173807916435,507
"1556","4",0.328676031846817,659
"1557","6",1.38539606119612,627
"1558","5",0.485227147305973,727
"1561","3",1.1002493866098,568
"1562","2",0.770373821892291,694
"1563","2",1.27357383586815,686
"1565","4",-0.0179728666698838,701
"1566","5",0.0547115797932954,668
"1567","3",0.216853806518849,576
"1568","5",1.16175161054018,799
"1569","2",0.378996033244403,608
"1570","1",-0.124203980731454,371
"1571","5",1.1002493866098,813
"1572","7",-0.34784843138739,514
"1573","3",0.0435293572604984,620
"1577","4",0.720053820494705,650
"1579","6",-0.34784843138739,583
"1580","6",0.485227147305973,546
"1582","2",1.1002493866098,638
"1586","7",0.328676031846817,529
"1587","3",0.434907145908387,638
"1589","3",1.33507605979853,792
"1590","4",0.0435293572604984,663
"1593","3",1.27357383586815,697
"1594","6",-0.286346207457008,571
"1595","6",1.04992938521221,602
"1597","6",0.216853806518849,580
"1599","2",1.1002493866098,560
"1600","5",0.0938493586580844,642
"1602","7",0.328676031846817,451
"1603","2",-0.286346207457008,711
"1606","7",-0.124203980731454,515
"1609","6",1.4413071738601,612
"1610","6",0.267173807916435,619
"1611","7",-0.0179728666698838,633
"1613","1",-0.34784843138739,613
"1614","7",0.267173807916435,527
"1616","5",0.434907145908387,776
"1617","6",0.546729371236355,587
"1619","5",0.328676031846817,700
"1620","5",-0.0682928680674697,776
"1622","7",1.33507605979853,487
"1623","4",1.49162717525769,790
"1624","3",0.485227147305973,666
"1627","7",0.216853806518849,589
"1628","2",1.1002493866098,745
"1629","1",-0.459670656715358,638
"1632","5",0.0435293572604984,686
"1635","3",1.16175161054018,538
"1636","3",-0.521172880645741,653
"1637","6",-0.0179728666698838,683
"1640","1",-0.34784843138739,577
"1641","2",0.485227147305973,743
"1642","3",1.16175161054018,655
"1643","4",0.216853806518849,742
"1644","5",0.434907145908387,728
"1647","1",0.267173807916435,618
"1651","6",-0.677723996104896,514
"1652","4",-0.459670656715358,626
"1653","5",-0.459670656715358,728
"1654","1",0.155351582588467,729
"1656","3",0.546729371236355,714
"1657","7",0.0435293572604984,455
"1683","7",0.988427161281829,533
"1684","2",0.597049372633941,721
"1687","5",0.882196047220259,751
"1692","5",1.33507605979853,753
"1694","7",1.16175161054018,582
"1695","6",1.55312939918807,651
"1697","7",1.4413071738601,627
"1698","4",1.1002493866098,689
"1700","7",1.04992938521221,553
"1701","4",1.16175161054018,643
"1702","5",0.720053820494705,710
"1704","7",0.770373821892291,477
"1705","6",1.1002493866098,677
"1706","7",0.434907145908387,468
"1707","3",1.27357383586815,698
"1708","2",1.04992938521221,662
"1712","7",0.831876045822673,533
"1713","2",1.04992938521221,613
"1716","4",0.988427161281829,845
"1717","4",0.988427161281829,815
"1718","3",0.988427161281829,687
"1723","7",1.27357383586815,559
"1724","5",0.988427161281829,734
"1725","6",0.988427161281829,635
"1726","7",1.16175161054018,516
"1727","7",1.27357383586815,578
"1728","7",1.04992938521221,590
"1730","1",0.882196047220259,622
"1731","7",1.22325383447056,537
"1732","6",0.988427161281829,706
"1733","1",1.04992938521221,610
"1736","1",1.04992938521221,731
"1738","7",0.882196047220259,515
"1739","4",1.1002493866098,761
"1740","3",1.1002493866098,739
"1741","3",0.546729371236355,651
"1742","4",0.988427161281829,737
"1744","5",0.938107159884243,757
"1747","1",0.831876045822673,552
"1750","1",0.882196047220259,644
"1751","2",0.770373821892291,757
"1755","6",1.22325383447056,611
"1758","1",0.434907145908387,686
"1760","7",1.1002493866098,593
"1761","6",0.485227147305973,654
"1763","4",0.216853806518849,660
"1764","6",0.938107159884243,623
"1765","3",0.988427161281829,667
"1766","6",1.27357383586815,584
"1767","7",0.831876045822673,477
"1768","6",1.22325383447056,622
"1769","3",1.22325383447056,803
"1771","5",1.22325383447056,732
"1773","5",1.33507605979853,845
"1774","3",0.434907145908387,591
"1779","4",0.658551596564323,697
"1780","6",0.831876045822673,557
"1783","3",0.720053820494705,706
"1784","3",1.22325383447056,582
"1787","4",1.33507605979853,734
"1788","2",0.267173807916435,615
"1789","4",0.328676031846817,693
"1791","2",0.546729371236355,720
"1792","4",1.04992938521221,670
"1794","2",0.546729371236355,688
"1795","6",1.22325383447056,700
"1797","7",0.658551596564323,604
"1799","2",1.60344940058565,829
"1804","4",1.16175161054018,598
"1806","1",1.27357383586815,745
"1807","2",1.4413071738601,648
"1809","2",0.988427161281829,675
"1810","2",0.988427161281829,593
"1811","3",0.720053820494705,540
"1812","4",1.33507605979853,675
"1813","7",0.597049372633941,559
"1814","7",1.04992938521221,423
"1816","4",0.770373821892291,654
"1817","6",0.378996033244403,637
"1818","5",0.988427161281829,728
"1820","4",0.831876045822673,681
"1822","5",0.267173807916435,692
"1826","4",0.328676031846817,615
"1827","5",1.33507605979853,451
"1829","4",0.597049372633941,771
"1830","6",1.1002493866098,665
"1831","4",1.1002493866098,670
"1833","2",1.33507605979853,666
"1834","5",0.770373821892291,708
"1835","1",0.328676031846817,698
"1836","3",0.938107159884243,706
"1837","2",0.658551596564323,569
"1838","1",1.22325383447056,819
"1840","5",0.988427161281829,660
"1841","6",0.831876045822673,596
"1842","5",1.04992938521221,728
"1843","7",0.267173807916435,466
"1844","6",0.988427161281829,591
"1845","1",0.988427161281829,669
"1846","1",0.938107159884243,707
"1847","6",1.4413071738601,660
"1848","2",0.882196047220259,762
"1849","6",0.597049372633941,598
"1850","5",0.597049372633941,748
"1851","7",0.988427161281829,559
"1852","3",0.882196047220259,655
"1853","4",0.485227147305973,535
"1854","1",0.267173807916435,656
"1856","6",0.882196047220259,620
"1860","1",0.485227147305973,528
"1861","2",0.938107159884243,622
"1862","3",1.1002493866098,621
"1863","6",1.16175161054018,688
"1864","1",1.27357383586815,506
"1866","2",1.22325383447056,663
"1867","4",0.267173807916435,605
"1868","3",0.485227147305973,599
"1870","3",0.658551596564323,686
"1871","1",1.04992938521221,614
"1872","6",0.378996033244403,613
"1873","5",0.770373821892291,765
"1874","2",0.882196047220259,632
"1877","5",0.988427161281829,793
"1879","7",1.27357383586815,505
"1880","6",1.38539606119612,631
"1881","5",0.988427161281829,774
"1882","5",0.938107159884243,690
"1883","1",0.831876045822673,643
"1884","2",0.546729371236355,613
"1887","1",1.55312939918807,804
"1888","1",1.4413071738601,808
"1889","5",0.546729371236355,737
"1890","1",1.38539606119612,680
"1891","7",1.38539606119612,702
"1892","7",0.831876045822673,475
"1893","2",0.770373821892291,717
"1895","3",1.22325383447056,751
"1896","5",0.831876045822673,770
"1898","6",1.04992938521221,599
"1900","1",1.04992938521221,733
"1901","5",0.597049372633941,743
"1902","3",0.988427161281829,744
"1904","1",0.546729371236355,624
"1905","2",1.27357383586815,813
"1907","3",1.60344940058565,754
"1909","2",1.22325383447056,681
"1910","2",1.4413071738601,812
"1913","3",0.720053820494705,730
"1915","7",1.27357383586815,620
"1917","4",0.988427161281829,683
"1918","6",0.882196047220259,595
"1919","2",1.1002493866098,709
"1920","1",1.22325383447056,718
"1921","4",0.938107159884243,569
"1922","1",0.988427161281829,758
"1923","7",0.882196047220259,509
"1924","1",1.22325383447056,774
"1925","4",1.33507605979853,666
"1926","3",1.38539606119612,778
"1927","3",0.267173807916435,658
"1929","4",0.938107159884243,767
"1930","5",0.597049372633941,657
"1931","5",1.1002493866098,608
"1932","4",0.378996033244403,563
"1933","4",0.267173807916435,552
"1934","3",1.1002493866098,772
"1935","5",0.720053820494705,771
"1936","1",0.597049372633941,662
"1937","6",0.882196047220259,580
"1939","3",0.0938493586580844,675
"1940","6",0.770373821892291,557
"1941","2",1.38539606119612,703
"1942","4",0.988427161281829,744
"1944","1",0.770373821892291,634
"1945","5",1.04992938521221,811
"1946","5",1.27357383586815,747
"1947","6",0.882196047220259,505
"1948","2",0.988427161281829,652
"1950","2",0.720053820494705,635
"1951","6",0.546729371236355,513
"1952","6",1.04992938521221,753
"1954","3",0.658551596564323,622
"1956","3",1.1002493866098,646
"1957","7",1.27357383586815,487
"1958","2",0.658551596564323,682
"1959","6",0.770373821892291,635
"1960","5",0.434907145908387,749
"1961","7",0.882196047220259,526
"1962","7",1.22325383447056,525
"1963","1",0.882196047220259,659
"1964","7",1.4413071738601,569
"1967","7",1.27357383586815,587
"1968","4",0.485227147305973,634
"1969","3",1.33507605979853,663
"1971","6",1.27357383586815,395
"1972","5",0.658551596564323,818
"1975","7",0.434907145908387,535
"1976","6",0.658551596564323,571
"1977","2",-0.124203980731454,660
"1979","3",0.658551596564323,576
"1980","3",0.597049372633941,615
"1981","3",1.1002493866098,763
"1983","1",0.720053820494705,613
"1984","4",1.04992938521221,833
"1985","5",0.378996033244403,693
"1986","2",-0.409350655317773,642
"1987","1",0.988427161281829,646
"1988","5",-0.0682928680674697,791
"1990","1",0.216853806518849,691
"1991","4",0.328676031846817,686
"1994","6",1.16175161054018,637
"1995","3",1.49162717525769,406
"1997","2",1.49162717525769,678
"1998","2",0.938107159884243,709
"2000","4",1.27357383586815,642
"2007","5",0.988427161281829,700
"2010","4",0.938107159884243,603
"2011","7",0.988427161281829,467
"2012","5",1.1002493866098,685
"2014","7",0.720053820494705,485
"2015","1",0.938107159884243,580
"2016","5",1.27357383586815,650
"2021","5",1.04992938521221,726
"2023","7",1.04992938521221,545
"2025","4",1.04992938521221,605
"2026","3",1.27357383586815,553
"2030","1",1.1002493866098,557
"2031","7",1.1002493866098,463
"2032","3",1.22325383447056,654
"2033","7",1.33507605979853,521
"2035","4",1.4413071738601,603
"2041","2",1.27357383586815,706
"2042","1",1.27357383586815,656
"2044","6",1.27357383586815,597
"2047","3",1.04992938521221,565
"2050","6",1.27357383586815,602
"2051","4",1.4413071738601,740
"2052","7",1.49162717525769,554
"2053","7",0.938107159884243,498
"2056","6",1.16175161054018,550
"2057","5",1.22325383447056,490
"2058","2",1.27357383586815,657
"2059","1",0.988427161281829,598
"2060","7",1.72645384844642,563
"2062","1",1.38539606119612,719
"2066","4",1.60344940058565,774
"2068","4",0.988427161281829,606
"2070","1",1.22325383447056,639
"2072","4",1.1002493866098,739
"2074","1",1.16175161054018,592
"2075","2",0.938107159884243,601
"2076","3",0.988427161281829,553
"2078","1",0.770373821892291,530
"2079","2",1.66495162451604,643
"2081","1",1.22325383447056,672
"2082","2",1.4413071738601,658
"2083","5",1.38539606119612,542
"2085","2",1.16175161054018,587
"2086","4",1.38539606119612,394
"2087","1",1.33507605979853,668
"2088","3",1.4413071738601,680
"2090","7",0.658551596564323,448
"2091","2",1.16175161054018,663
"2092","3",1.4413071738601,690
"2093","4",1.27357383586815,577
"2096","2",1.27357383586815,424
"2098","5",0.882196047220259,549
"2101","4",0.720053820494705,610
"2102","4",1.66495162451604,709
"2103","3",1.27357383586815,688
"2104","4",1.38539606119612,720
"2105","3",1.16175161054018,551
"2107","7",1.22325383447056,515
"2109","2",1.60344940058565,606
"2110","6",1.49162717525769,648
"2112","2",1.1002493866098,591
"2113","6",1.27357383586815,451
"2114","4",0.938107159884243,626
"2115","3",0.938107159884243,626
"2124","3",1.72645384844642,629
"2126","3",1.776773849844,609
"2127","1",0.658551596564323,633
"2128","1",1.27357383586815,617
"2132","7",1.22325383447056,494
"2133","1",1.38539606119612,626
"2134","3",1.55312939918807,627
"2135","2",1.22325383447056,661
"2136","1",1.72645384844642,719
"2137","6",1.38539606119612,471
"2139","2",1.16175161054018,587
"2140","3",0.831876045822673,605
"2141","3",0.938107159884243,611
"2142","7",1.55312939918807,545
"2143","1",1.1002493866098,597
"2145","2",1.27357383586815,664
"2146","3",1.1002493866098,614
"2149","4",1.55312939918807,620
"2150","5",1.16175161054018,753
"2151","1",1.04992938521221,667
"2152","7",1.27357383586815,471
"2153","4",1.27357383586815,584
"2154","2",1.1002493866098,638
"2155","3",1.1002493866098,604
"2157","7",1.1002493866098,476
"2158","7",1.38539606119612,574
"2160","2",0.938107159884243,662
"2162","5",1.22325383447056,603
"2163","6",0.938107159884243,389
"2164","4",1.27357383586815,741
"2165","1",1.16175161054018,505
"2167","6",1.1002493866098,599
"2168","2",1.16175161054018,680
"2169","7",1.72645384844642,566
"2170","1",0.988427161281829,567
"2172","6",1.27357383586815,577
"2174","5",1.27357383586815,798
"2175","5",0.882196047220259,659
"2176","6",1.66495162451604,490
"2178","5",1.4413071738601,638
"2179","1",1.33507605979853,637
"2180","7",1.38539606119612,464
"2181","3",1.1002493866098,698
"2184","7",1.04992938521221,512
"2185","5",1.60344940058565,733
"2186","7",1.27357383586815,564
"2187","4",1.22325383447056,438
"2188","2",1.55312939918807,727
"2189","6",1.04992938521221,585
"2191","4",1.1002493866098,611
"2193","7",0.770373821892291,376
"2194","1",1.66495162451604,641
"2195","5",1.1002493866098,752
"2196","2",1.49162717525769,638
"2197","1",1.60344940058565,698
"2199","1",0.882196047220259,618
"2200","1",1.38539606119612,649
"2202","7",1.04992938521221,529
"2203","4",1.04992938521221,550
"2204","5",1.33507605979853,753
"2205","1",0.988427161281829,488
"2206","7",0.770373821892291,540
"2209","3",0.938107159884243,657
"2211","1",1.60344940058565,581
"2212","3",1.55312939918807,630
"2213","6",1.04992938521221,649
"2214","2",1.16175161054018,524
"2215","4",0.597049372633941,522
"2217","4",1.16175161054018,658
"2219","5",0.938107159884243,653
"2220","4",0.882196047220259,587
"2222","6",1.22325383447056,558
"2223","3",1.4413071738601,658
"2224","2",1.22325383447056,571
"2225","6",0.938107159884243,536
"2227","2",1.60344940058565,648
"2230","3",1.49162717525769,747
"2231","1",1.04992938521221,533
"2232","5",1.16175161054018,642
"2233","6",0.938107159884243,516
"2234","5",1.38539606119612,654
"2235","3",1.27357383586815,677
"2236","4",1.27357383586815,567
"2237","7",0.831876045822673,508
"2238","2",1.27357383586815,646
"2239","3",1.27357383586815,620
"2240","6",1.1002493866098,561
"2241","7",1.49162717525769,475
"2242","4",1.83827607377439,636
"2243","3",0.988427161281829,571
"2244","6",0.938107159884243,534
"2245","5",0.882196047220259,624
"2246","5",1.72645384844642,697
"2247","5",1.1002493866098,612
"2248","3",1.4413071738601,432
"2250","4",1.38539606119612,731
"2251","7",1.38539606119612,551
"2252","3",1.94450718783596,559
"2253","5",1.22325383447056,360
"2254","2",1.55312939918807,688
"2255","7",1.66495162451604,477
"2256","7",1.33507605979853,497
"2258","6",1.38539606119612,623
"2259","5",1.4413071738601,666
"2260","1",0.831876045822673,614
"2261","2",0.831876045822673,540
"2262","2",0.988427161281829,584
"2263","1",1.27357383586815,564
"2264","4",1.60344940058565,591
"2267","2",0.485227147305973,553
"2268","5",1.16175161054018,747
"2269","1",1.33507605979853,617
"2270","6",1.49162717525769,516
"2271","6",1.04992938521221,513
"2273","7",1.33507605979853,447
"2274","2",1.33507605979853,616
"2276","2",1.60344940058565,582
"2277","7",1.22325383447056,537
"2278","3",1.1002493866098,706
"2280","7",1.38539606119612,441
"2284","5",1.66495162451604,774
"2285","3",0.658551596564323,635
"2286","1",1.4413071738601,528
"2287","5",1.38539606119612,707
"2288","1",1.1002493866098,693
"2289","6",1.1002493866098,595
"2291","3",1.1002493866098,607
"2292","6",0.658551596564323,528
"2293","2",1.27357383586815,583
"2295","2",1.4413071738601,594
"2296","7",1.55312939918807,538
"2299","6",1.66495162451604,586
"2300","6",1.16175161054018,498
"2301","4",1.16175161054018,623
"2303","7",1.04992938521221,451
"2304","1",1.60344940058565,727
"2305","3",0.988427161281829,635
"2307","3",1.1002493866098,612
"2310","7",0.938107159884243,439
"2311","3",0.938107159884243,683
"2313","4",1.22325383447056,604
"2314","6",0.770373821892291,622
"2315","1",1.49162717525769,725
"2316","4",0.770373821892291,539
"2318","5",1.22325383447056,638
"2319","5",1.04992938521221,709
"2320","1",1.16175161054018,591
"2321","7",0.938107159884243,606
"2322","3",1.33507605979853,618
"2323","2",1.55312939918807,699
"2324","2",0.938107159884243,654
"2325","5",0.831876045822673,674
"2326","6",0.597049372633941,480
"2327","4",1.16175161054018,717
"2328","6",0.770373821892291,570
"2330","1",1.1002493866098,595
"2331","4",1.38539606119612,759
"2332","2",0.434907145908387,595
"2335","5",1.38539606119612,576
"2336","1",1.38539606119612,614
"2337","6",0.831876045822673,526
"2339","3",1.27357383586815,591
"2342","3",1.16175161054018,569
"2343","6",1.72645384844642,650
"2344","7",1.27357383586815,527
"2347","5",0.988427161281829,617
"2348","2",0.938107159884243,526
"2349","7",0.720053820494705,451
"2351","6",1.55312939918807,551
"2353","1",0.770373821892291,620
"2354","5",1.60344940058565,769
"2355","4",0.882196047220259,686
"2356","2",1.38539606119612,574
"2359","6",0.882196047220259,575
"2361","5",0.485227147305973,604
"2362","6",0.882196047220259,505
"2363","5",0.938107159884243,599
"2364","4",0.720053820494705,507
"2365","6",1.1002493866098,512
"2366","5",1.36303161613052,756
"2367","4",1.16175161054018,659
"2368","1",0.720053820494705,473
"2370","3",1.16175161054018,528
"2372","3",1.1002493866098,655
"2373","7",1.55312939918807,552
"2374","2",0.546729371236355,577
"2375","2",0.988427161281829,547
"2376","6",0.938107159884243,552
"2377","6",1.22325383447056,539
"2378","2",0.938107159884243,701
"2379","7",0.546729371236355,467
"2380","6",1.16175161054018,568
"2382","5",1.16175161054018,749
"2383","4",1.22325383447056,713
"2386","7",1.4413071738601,573
"2387","2",1.33507605979853,606
"2389","3",1.27357383586815,522
"2392","3",1.22325383447056,600
"2393","6",1.04992938521221,504
"2394","7",1.04992938521221,499
"2395","3",1.04992938521221,660
"2396","5",0.938107159884243,681
"2397","5",1.16175161054018,707
"2400","1",1.49162717525769,632
"2401","3",1.49162717525769,618
"2402","2",0.938107159884243,553
"2403","3",0.831876045822673,504
"2406","5",0.938107159884243,678
"2407","5",1.27357383586815,707
"2408","2",0.938107159884243,543
"2409","1",1.16175161054018,632
"2410","7",1.38539606119612,481
"2411","3",1.22325383447056,482
"2413","4",0.882196047220259,715
"2414","4",1.1002493866098,635
"2417","3",1.04992938521221,551
"2418","3",1.38539606119612,656
"2419","2",1.22325383447056,650
"2421","2",1.49162717525769,705
"2422","7",1.33507605979853,559
"2423","1",1.27357383586815,549
"2424","3",1.38539606119612,562
"2426","4",1.22325383447056,618
"2427","1",0.988427161281829,602
"2430","2",0.938107159884243,637
"2431","1",0.938107159884243,519
"2432","2",1.33507605979853,608
"2433","5",0.988427161281829,612
"2436","6",1.1002493866098,605
"2437","5",1.22325383447056,601
"2438","4",1.04992938521221,574
"2439","7",1.33507605979853,550
"2444","1",1.38539606119612,563
"2445","6",0.938107159884243,526
"2447","1",1.22325383447056,575
"2448","3",1.26239161333535,635
"2449","4",1.1002493866098,650
"2451","5",0.831876045822673,633
"2452","5",1.27357383586815,729
"2454","1",1.22325383447056,627
"2456","7",0.597049372633941,476
"2457","4",1.27357383586815,581
"2459","1",1.27357383586815,651
"2460","2",0.882196047220259,520
"2461","3",1.38539606119612,538
"2463","7",1.27357383586815,512
"2464","7",0.988427161281829,481
"2465","3",1.04992938521221,608
"2466","4",0.988427161281829,643
"2467","7",0.988427161281829,528
"2468","7",0.988427161281829,459
"2469","2",0.720053820494705,631
"2470","1",0.770373821892291,462
"2472","1",0.597049372633941,606
"2474","4",1.38539606119612,709
"2475","4",1.27357383586815,647
"2476","4",0.882196047220259,631
"2478","5",0.988427161281829,655
"2479","3",0.720053820494705,616
"2480","1",1.66495162451604,592
"2481","6",1.22325383447056,538
"2482","3",0.485227147305973,553
"2483","5",1.1002493866098,523
"2485","7",1.04992938521221,442
"2486","6",0.831876045822673,510
"2488","2",0.720053820494705,580
"2489","5",1.27357383586815,703
"2490","2",0.882196047220259,482
"2491","4",0.938107159884243,618
"2494","5",0.938107159884243,609
"2495","3",1.33507605979853,661
"2496","4",1.16175161054018,722
"2497","6",1.16175161054018,638
"2501","2",1.49162717525769,644
"2502","3",1.33507605979853,619
"2504","3",0.831876045822673,687
"2506","4",1.1002493866098,614
"2510","1",0.882196047220259,548
"2512","5",1.22325383447056,610
"2513","7",1.22325383447056,499
"2514","4",1.22325383447056,639
"2515","2",1.38539606119612,574
"2517","5",0.988427161281829,601
"2519","7",0.882196047220259,484
"2520","1",1.27357383586815,604
"2522","1",1.60344940058565,643
"2523","1",1.1002493866098,586
"2524","4",1.22325383447056,570
"2525","4",1.22325383447056,630
"2529","2",0.938107159884243,551
"2531","5",0.938107159884243,631
"2532","3",1.04992938521221,537
"2535","2",0.546729371236355,529
"2536","6",1.16175161054018,566
"2538","4",1.04992938521221,567
"2541","1",1.04992938521221,589
"2542","7",0.831876045822673,437
"2543","7",1.1002493866098,489
"2544","6",1.22325383447056,533
"2545","4",1.38539606119612,578
"2548","5",1.38539606119612,623
"2549","7",1.38539606119612,495
"2551","7",1.16175161054018,512
"2553","2",1.27357383586815,658
"2555","2",1.33507605979853,595
"2556","6",0.720053820494705,570
"2557","4",1.1002493866098,613
"2558","5",1.22325383447056,758
"2559","3",0.988427161281829,562
"2560","2",1.60344940058565,715
"2566","7",1.22325383447056,540
"2567","5",1.38539606119612,569
"2570","4",0.938107159884243,610
"2571","5",0.988427161281829,700
"2572","6",1.04992938521221,474
"2573","7",1.38539606119612,563
"2574","2",1.27357383586815,542
"2576","6",1.49162717525769,582
"2577","5",1.27357383586815,574
"2580","4",1.1002493866098,714
"2581","5",1.1002493866098,579
"2582","6",1.22325383447056,579
"2583","5",1.04992938521221,667
"2584","4",0.658551596564323,599
"2585","1",0.485227147305973,562
"2589","6",0.720053820494705,490
"2590","6",0.988427161281829,492
"2592","3",1.22325383447056,618
"2594","7",0.938107159884243,476
"2595","6",1.04992938521221,545
"2596","5",0.988427161281829,568
"2597","4",0.882196047220259,618
"2599","7",1.72645384844642,521
"2601","3",0.882196047220259,602
"2603","5",1.04992938521221,645
"2604","4",1.1002493866098,560
"2605","7",1.16175161054018,492
"2606","1",1.1002493866098,611
"2608","2",1.66495162451604,623
"2609","4",0.988427161281829,585
"2610","6",1.27357383586815,624
"2612","2",0.988427161281829,516
"2613","5",1.04992938521221,599
"2614","2",1.1002493866098,469
"2617","7",0.988427161281829,563
"2618","6",1.16175161054018,502
"2620","1",0.938107159884243,595
"2621","5",1.16175161054018,630
"2622","2",1.4413071738601,622
"2623","1",0.831876045822673,545
"2624","6",1.22325383447056,581
"2625","5",0.988427161281829,626
"2626","1",1.33507605979853,705
"2627","4",0.882196047220259,549
"2630","3",1.38539606119612,606
"2632","1",1.22325383447056,616
"2633","4",0.882196047220259,592
"2634","1",1.4413071738601,614
"2635","6",1.33507605979853,668
"2636","7",0.720053820494705,519
"2637","3",1.1002493866098,643
"2638","4",1.04992938521221,646
"2639","3",0.938107159884243,599
"2641","1",1.04992938521221,617
"2642","7",0.831876045822673,454
"2643","6",0.988427161281829,579
"2644","1",1.4413071738601,673
"2646","7",0.720053820494705,498
"2647","5",1.38539606119612,701
"2648","4",1.38539606119612,587
"2649","2",1.04992938521221,601
"2651","4",1.16175161054018,572
"2652","5",1.55312939918807,729
"2655","5",1.22325383447056,753
"2656","3",1.38539606119612,594
"2657","6",0.720053820494705,540
"2658","7",1.1002493866098,490
"2659","6",1.38539606119612,568
"2660","6",1.72645384844642,614
"2661","3",1.16175161054018,645
"2662","6",1.04992938521221,573
"2663","7",1.16175161054018,538
"2664","3",1.60344940058565,685
"2666","4",1.49162717525769,736
"2667","4",1.22325383447056,600
"2668","4",1.4413071738601,672
"2669","2",0.720053820494705,491
"2671","4",0.938107159884243,625
"2672","1",1.16175161054018,504
"2673","6",0.988427161281829,572
"2675","5",1.04992938521221,726
"2680","6",1.16175161054018,480
"2683","6",1.1002493866098,495
"2684","5",1.33507605979853,589
"2685","2",1.33507605979853,684
"2686","6",1.22325383447056,578
"2688","3",0.938107159884243,508
"2689","7",0.988427161281829,471
"2690","5",0.938107159884243,636
"2692","2",1.38539606119612,666
"2696","3",0.770373821892291,550
"2697","1",0.720053820494705,584
"2698","6",1.04992938521221,540
"2699","5",0.485227147305973,522
"2701","6",0.597049372633941,514
"2702","4",1.38539606119612,618
"2703","1",1.04992938521221,521
"2705","3",0.938107159884243,572
"2707","2",1.22325383447056,507
"2708","3",1.33507605979853,629
"2709","6",0.770373821892291,454
"2712","3",0.720053820494705,671
"2714","6",0.938107159884243,527
"2716","1",1.16175161054018,669
"2717","3",0.485227147305973,622
"2720","1",0.831876045822673,569
"2721","5",0.770373821892291,617
"2722","1",1.16175161054018,593
"2724","7",1.1002493866098,505
"2725","3",1.22325383447056,658
"2727","2",1.16175161054018,587
"2728","2",0.831876045822673,602
"2729","7",1.4413071738601,518
"2730","7",0.658551596564323,482
"2731","1",0.658551596564323,494
"2735","6",1.22325383447056,507
"2737","2",0.597049372633941,614
"2738","1",0.658551596564323,673
"2740","7",0.988427161281829,597
"2744","6",0.770373821892291,596
"2747","4",0.658551596564323,718
"2753","5",0.597049372633941,684
"2755","3",1.49162717525769,768
"2756","3",0.658551596564323,783
"2757","2",0.720053820494705,680
"2758","1",1.04992938521221,431
"2759","7",1.04992938521221,512
"2761","7",1.22325383447056,504
"2762","7",0.882196047220259,528
"2765","3",0.938107159884243,755
"2766","1",1.04992938521221,566
"2767","7",0.546729371236355,515
"2768","7",1.4413071738601,587
"2769","4",1.33507605979853,744
"2770","1",0.938107159884243,620
"2771","5",1.22325383447056,812
"2772","4",1.22325383447056,727
"2773","3",0.378996033244403,571
"2775","3",1.27357383586815,748
"2781","2",0.720053820494705,605
"2783","4",1.33507605979853,675
"2784","2",0.328676031846817,613
"2785","5",0.378996033244403,715
"2789","7",0.658551596564323,462
"2790","3",1.4413071738601,654
"2791","4",0.485227147305973,620
"2793","6",1.22325383447056,655
"2794","4",1.55312939918807,665
"2795","4",0.597049372633941,650
"2796","4",0.378996033244403,659
"2799","7",0.434907145908387,458
"2801","2",0.770373821892291,740
"2802","7",0.378996033244403,510
"2804","1",0.597049372633941,735
"2806","3",0.988427161281829,738
"2807","3",0.434907145908387,539
"2808","4",1.33507605979853,717
"2810","5",0.882196047220259,827
"2813","2",1.49162717525769,786
"2814","5",0.770373821892291,631
"2816","2",0.938107159884243,619
"2817","1",0.546729371236355,605
"2819","3",0.831876045822673,651
"2820","4",0.988427161281829,728
"2821","2",0.988427161281829,579
"2823","4",1.16175161054018,660
"2825","2",1.27357383586815,656
"2826","5",0.485227147305973,780
"2828","1",0.658551596564323,452
"2833","1",1.4413071738601,726
"2834","6",0.378996033244403,604
"2835","5",0.831876045822673,609
"2837","7",0.938107159884243,604
"2838","1",0.759191599359494,586
"2839","2",0.485227147305973,544
"2840","6",0.938107159884243,623
"2841","6",1.04992938521221,577
"2843","4",0.770373821892291,572
"2844","1",1.38539606119612,533
"2845","6",0.882196047220259,554
"2846","7",0.434907145908387,506
"2848","5",0.988427161281829,703
"2849","6",0.720053820494705,529
"2852","7",0.938107159884243,586
"2853","1",0.720053820494705,427
"2854","3",1.1002493866098,608
"2855","3",0.434907145908387,658
"2856","5",1.33507605979853,760
"2857","3",0.770373821892291,604
"2858","1",0.328676031846817,610
"2859","1",0.938107159884243,680
"2863","2",1.4413071738601,626
"2864","1",1.38539606119612,392
"2865","6",0.658551596564323,646
"2867","7",1.16175161054018,515
"2868","5",0.328676031846817,740
"2869","7",1.16175161054018,480
"2870","2",0.938107159884243,551
"2874","5",1.16175161054018,680
"2875","7",0.328676031846817,572
"2876","5",0.770373821892291,757
"2877","6",0.988427161281829,600
"2878","2",0.988427161281829,779
"2879","2",0.988427161281829,557
"2883","2",0.328676031846817,592
"2884","7",0.328676031846817,528
"2886","2",0.938107159884243,652
"2888","3",0.882196047220259,519
"2889","4",0.720053820494705,536
"2892","6",0.831876045822673,585
"2893","7",0.485227147305973,475
"2894","7",0.434907145908387,476
"2896","4",0.938107159884243,619
"2897","7",0.597049372633941,464
"2898","3",1.04992938521221,621
"2899","6",0.938107159884243,532
"2903","7",0.938107159884243,535
"2904","4",1.55312939918807,822
"2905","2",0.378996033244403,521
"2906","4",0.434907145908387,516
"2907","6",0.485227147305973,488
"2908","3",1.22325383447056,600
"2909","5",1.22325383447056,647
"2910","7",0.831876045822673,421
"2911","5",1.4413071738601,715
"2912","1",0.434907145908387,570
"2913","6",0.546729371236355,594
"2914","4",0.831876045822673,632
"2916","1",0.485227147305973,623
"2917","5",0.328676031846817,553
"2918","2",0.485227147305973,659
"2919","1",0.0547115797932954,562
"2920","2",0.770373821892291,589
"2922","3",0.831876045822673,501
"2923","6",1.4413071738601,598
"2924","1",1.49162717525769,485
"2926","4",0.267173807916435,605
"2927","3",1.22325383447056,696
"2929","2",1.1002493866098,707
"2930","2",0.457271590973981,715
"2931","6",0.770373821892291,546
"2932","2",1.49162717525769,700
"2934","1",0.216853806518849,661
"2936","5",0.378996033244403,712
"2937","4",0.988427161281829,645
"2939","2",1.776773849844,795
"2940","2",0.434907145908387,615
"2941","6",1.4413071738601,553
"2942","3",0.328676031846817,566
"2943","4",0.378996033244403,790
"2946","7",0.155351582588467,449
"2947","3",1.72645384844642,576
"2949","5",0.882196047220259,681
"2951","6",0.155351582588467,485
"2952","3",1.776773849844,740
"2953","4",0.938107159884243,672
"2954","4",1.27357383586815,689
"2955","5",0.720053820494705,688
"2956","4",0.988427161281829,619
"2960","2",1.22325383447056,629
"2961","7",1.4413071738601,477
"2962","5",1.22325383447056,652
"2963","6",0.155351582588467,550
"2965","6",0.328676031846817,608
"2966","5",0.831876045822673,525
"2967","5",0.988427161281829,730
"2968","6",0.485227147305973,562
"2970","1",0.988427161281829,648
"2974","4",0.938107159884243,493
"2975","3",0.597049372633941,404
"2977","3",1.4413071738601,779
"2978","5",0.658551596564323,643
"2979","6",0.328676031846817,562
"2980","4",1.22325383447056,628
"2981","6",0.434907145908387,547
"2982","6",1.1002493866098,541
"2983","1",0.720053820494705,603
"2984","3",0.938107159884243,604
"2985","4",0.831876045822673,535
"2987","7",0.938107159884243,488
"2988","7",0.988427161281829,500
"2989","1",0.770373821892291,373
"2990","1",0.831876045822673,532
"2991","4",1.16175161054018,695
"2992","4",1.22325383447056,740
"2993","4",0.155351582588467,522
"2995","3",0.597049372633941,605
"2997","3",1.49162717525769,580
"2998","3",1.27357383586815,624
"2999","7",0.658551596564323,585
"3000","5",0.882196047220259,697
"3001","1",1.33507605979853,639
"3002","1",0.882196047220259,672
"3003","6",1.38539606119612,515
"3004","2",0.770373821892291,606
"3005","6",0.658551596564323,519
"3006","5",0.557911593769152,671
"3007","5",0.434907145908387,654
"3009","6",1.22325383447056,612
"3011","4",1.38539606119612,716
"3012","7",0.378996033244403,493
"3013","7",0.216853806518849,518
"3015","1",0.988427161281829,632
"3016","2",0.378996033244403,594
"3018","7",0.882196047220259,473
"3019","5",1.55312939918807,643
"3020","7",0.378996033244403,533
"3021","4",0.434907145908387,757
"3023","6",0.546729371236355,568
"3025","1",0.155351582588467,594
"3026","5",0.216853806518849,703
"3027","6",0.378996033244403,557
"3028","7",1.38539606119612,538
"3029","6",0.546729371236355,489
"3030","2",0.658551596564323,635
"3031","6",0.720053820494705,558
"3032","6",1.22325383447056,631
"3034","7",0.328676031846817,556
"3035","6",0.597049372633941,557
"3037","7",0.831876045822673,478
"3038","1",0.546729371236355,662
"3040","3",0.988427161281829,634
"3042","3",0.831876045822673,601
"3044","2",0.434907145908387,627
"3046","2",0.557911593769152,556
"3047","5",0.938107159884243,585
"3048","3",0.720053820494705,618
"3049","5",0.882196047220259,765
"3051","6",0.597049372633941,547
"3054","1",0.328676031846817,637
"3056","3",0.485227147305973,637
"3057","1",-0.124203980731454,650
"3058","6",0.882196047220259,598
"3062","6",0.882196047220259,498
"3063","1",1.04992938521221,419
"3064","7",0.831876045822673,466
"3065","2",1.33507605979853,628
"3066","5",0.938107159884243,614
"3069","1",0.882196047220259,598
"3070","1",0.831876045822673,435
"3073","5",0.485227147305973,591
"3074","7",0.988427161281829,556
"3075","1",0.831876045822673,579
"3076","3",0.434907145908387,612
"3077","7",0.378996033244403,480
"3078","2",0.434907145908387,571
"3079","5",0.882196047220259,687
"3080","5",0.597049372633941,648
"3082","3",0.770373821892291,583
"3085","3",1.1002493866098,648
"3086","2",0.546729371236355,592
"3088","1",0.770373821892291,624
"3089","4",0.0435293572604984,491
"3091","2",0.720053820494705,661
"3093","2",1.04992938521221,626
"3094","4",0.216853806518849,624
"3098","3",-0.124203980731454,719
"3100","1",-0.521172880645741,696
"3101","3",-0.0682928680674697,646
"3102","3",-0.236026206059422,699
"3103","4",-0.236026206059422,735
"3104","6",-0.174523982129039,629
"3106","2",-0.521172880645741,721
"3107","7",-0.739226220035278,556
"3108","7",-0.174523982129039,593
"3109","1",-0.789546221432864,650
"3110","2",-0.124203980731454,681
"3111","2",0.155351582588467,688
"3112","5",-0.286346207457008,787
"3113","5",-0.789546221432864,747
"3114","6",-0.789546221432864,757
"3115","7",-0.409350655317773,516
"3117","4",-0.851048445363247,763
"3118","1",0.0435293572604984,692
"3120","4",0.597049372633941,717
"3122","6",0.328676031846817,544
"3124","2",0.658551596564323,628
"3129","4",0.988427161281829,590
"3134","3",0.0435293572604984,498
"3135","4",0.434907145908387,574
"3136","3",-0.286346207457008,615
"3137","2",0.658551596564323,613
"3138","6",0.546729371236355,633
"3139","5",-0.0179728666698838,598
"3140","2",0.434907145908387,631
"3142","4",0.597049372633941,741
"3143","7",0.720053820494705,528
"3144","3",0.155351582588467,648
"3147","6",0.720053820494705,583
"3148","1",0.378996033244403,490
"3150","5",0.546729371236355,754
"3151","4",0.0938493586580844,757
"3152","3",-0.286346207457008,558
"3153","4",0.434907145908387,764
"3155","3",0.831876045822673,708
"3157","1",0.597049372633941,583
"3159","7",0.0547115797932954,481
"3160","1",-0.0179728666698838,451
"3161","5",1.16175161054018,658
"3162","7",0.267173807916435,435
"3163","2",0.378996033244403,615
"3165","7",-0.124203980731454,473
"3166","7",0.770373821892291,529
"3167","4",0.457271590973981,554
"3169","2",-0.0682928680674697,522
"3170","6",0.155351582588467,471
"3175","1",-0.677723996104896,667
"3176","4",-0.0179728666698838,615
"3178","2",0.378996033244403,571
"3179","2",0.938107159884243,616
"3182","1",0.434907145908387,739
"3184","6",0.155351582588467,577
"3185","7",0.0938493586580844,441
"3186","2",0.267173807916435,593
"3189","2",0.658551596564323,724
"3191","1",0.378996033244403,400
"3193","6",-0.286346207457008,586
"3195","3",-0.124203980731454,595
"3196","3",0.434907145908387,668
"3197","4",0.0938493586580844,613
"3198","2",0.434907145908387,687
"3200","5",0.155351582588467,541
"3204","6",0.938107159884243,570
"3205","6",0.720053820494705,649
"3206","6",-0.0179728666698838,641
"3207","2",0.0938493586580844,607
"3210","3",0.597049372633941,720
"3211","1",0.0435293572604984,440
"3212","2",0.882196047220259,590
"3214","7",0.216853806518849,559
"3216","3",0.658551596564323,778
"3217","5",0.988427161281829,649
"3219","1",0.0938493586580844,607
"3220","1",0.597049372633941,669
"3221","4",0.434907145908387,666
"3222","2",0.378996033244403,549
"3225","6",-0.236026206059422,357
"3226","5",0.720053820494705,764
"3227","6",-0.0179728666698838,525
"3229","4",-0.236026206059422,511
"3231","2",0.882196047220259,454
"3232","1",0.216853806518849,639
"3233","6",0.378996033244403,567
"3236","7",0.485227147305973,496
"3237","3",0.378996033244403,548
"3239","1",0.0435293572604984,616
"3240","7",0.216853806518849,503
"3241","6",-0.739226220035278,547
"3242","1",0.882196047220259,585
"3243","5",0.0938493586580844,647
"3244","4",-0.0179728666698838,630
"3246","1",0.770373821892291,501
"3247","3",0.378996033244403,737
"3248","6",-0.174523982129039,614
"3249","7",-0.286346207457008,500
"3250","4",0.267173807916435,616
"3251","2",-0.0682928680674697,739
"3253","3",0.378996033244403,658
"3254","5",0.720053820494705,693
"3256","2",0.882196047220259,768
"3258","1",0.770373821892291,575
"3260","4",0.658551596564323,602
"3264","6",1.16175161054018,497
"3265","3",0.434907145908387,502
"3266","1",0.658551596564323,546
"3268","1",-0.521172880645741,376
"3269","2",-0.34784843138739,631
"3271","7",-0.124203980731454,486
"3272","4",0.216853806518849,683
"3274","4",0.378996033244403,626
"3275","3",0.988427161281829,647
"3276","5",0.328676031846817,719
"3277","2",0.0938493586580844,562
"3278","2",0.216853806518849,736
"3279","5",-0.174523982129039,759
"3280","2",0.597049372633941,697
"3281","1",0.658551596564323,505
"3283","6",-0.0682928680674697,546
"3284","3",0.546729371236355,711
"3285","5",0.597049372633941,796
"3287","1",-0.236026206059422,620
"3289","2",-0.34784843138739,639
"3290","3",0.0435293572604984,658
"3291","7",0.155351582588467,571
"3292","3",0.0938493586580844,558
"3293","6",0.216853806518849,615
"3294","2",0.0938493586580844,540
"3295","6",0.0938493586580844,502
"3296","3",0.378996033244403,556
"3297","1",-0.409350655317773,698
"3299","2",0.328676031846817,620
"3301","5",0.434907145908387,823
"3302","5",-0.124203980731454,669
"3304","1",-0.286346207457008,591
"3306","7",0.155351582588467,522
"3308","5",0.328676031846817,648
"3309","3",-0.739226220035278,706
"3310","5",0.0938493586580844,767
"3311","6",-0.0179728666698838,519
"3312","4",0.378996033244403,766
"3314","3",-0.34784843138739,494
"3315","4",0.597049372633941,666
"3316","5",0.267173807916435,830
"3317","3",0.882196047220259,628
"3318","1",0.0435293572604984,609
"3319","7",-0.409350655317773,512
"3320","6",-0.0179728666698838,524
"3322","5",-0.62740399470731,647
"3323","1",-0.409350655317773,655
"3324","5",-0.34784843138739,668
"3325","3",1.1002493866098,676
"3327","6",0.0938493586580844,515
"3328","3",0.658551596564323,575
"3329","7",0.546729371236355,557
"3330","1",0.328676031846817,607
"3331","7",0.882196047220259,521
"3333","4",-0.649768439772904,831
"3334","1",-0.0179728666698838,539
"3335","7",0.0938493586580844,467
"3336","1",0.0938493586580844,559
"3337","6",0.328676031846817,494
"3338","7",0.597049372633941,404
"3340","1",0.267173807916435,555
"3343","4",0.267173807916435,558
"3346","5",-0.0682928680674697,676
"3347","4",0.988427161281829,657
"3349","2",-0.236026206059422,600
"3350","4",0.0938493586580844,658
"3351","5",0.0435293572604984,708
"3352","2",0.597049372633941,574
"3353","6",-0.0682928680674697,565
"3354","7",-0.521172880645741,551
"3355","7",0.216853806518849,517
"3357","7",-0.0682928680674697,426
"3358","7",0.216853806518849,613
"3359","5",0.546729371236355,742
"3361","5",0.0435293572604984,738
"3362","1",0.597049372633941,618
"3363","3",-0.0179728666698838,640
"3364","6",0.546729371236355,500
"3365","3",-0.0179728666698838,559
"3366","7",0.155351582588467,480
"3367","3",0.216853806518849,695
"3369","2",-0.174523982129039,566
"3370","6",0.0435293572604984,557
"3371","3",1.55312939918807,688
"3372","4",0.434907145908387,499
"3373","1",-0.174523982129039,573
"3374","2",-0.236026206059422,696
"3375","1",0.485227147305973,641
"3376","6",0.216853806518849,531
"3377","2",0.378996033244403,523
"3378","5",-0.146568425797047,594
"3379","4",1.1002493866098,662
"3381","3",0.378996033244403,639
"3382","1",-0.124203980731454,642
"3383","5",0.434907145908387,688
"3384","7",-0.0682928680674697,490
"3385","4",-0.146568425797047,657
"3386","6",-0.62740399470731,626
"3387","3",-0.247208428592219,549
"3388","3",-0.0179728666698838,669
"3390","2",-0.448488434182561,570
"3392","7",0.216853806518849,505
"3393","2",0.267173807916435,714
"3395","4",0.434907145908387,767
"3396","5",0.0938493586580844,658
"3398","2",-0.0682928680674697,602
"3399","2",-0.124203980731454,523
"3401","4",-0.62740399470731,632
"3403","3",0.0938493586580844,689
"3404","6",0.216853806518849,587
"3405","5",0.434907145908387,680
"3406","2",0.485227147305973,685
"3408","1",0.0938493586580844,597
"3410","5",-0.571492882043326,798
"3412","7",0.0938493586580844,515
"3413","3",-0.247208428592219,708
"3416","4",0.485227147305973,690
"3418","6",-0.174523982129039,581
"3420","3",0.0938493586580844,529
"3421","7",-0.236026206059422,483
"3422","4",0.658551596564323,603
"3424","4",-0.0179728666698838,559
"3425","4",-0.409350655317773,639
"3428","1",0.0938493586580844,832
"3429","4",0.770373821892291,683
"3431","6",0.0435293572604984,629
"3432","7",-0.236026206059422,534
"3433","4",0.328676031846817,615
"3435","5",0.155351582588467,621
"3437","5",0.328676031846817,606
"3438","5",-0.409350655317773,634
"3439","3",-0.0682928680674697,383
"3440","2",-0.0459284230018758,372
"3441","7",0.378996033244403,502
"3443","6",0.378996033244403,556
"3444","7",-0.124203980731454,536
"3445","5",-0.459670656715358,798
"3446","4",0.0435293572604984,608
"3449","6",-0.459670656715358,556
"3450","7",-0.236026206059422,403
"3452","6",0.378996033244403,656
"3453","7",-1.05232845095359,453
"3454","6",-1.0243728946216,559
"3455","5",-1.18092401008075,720
"3456","4",-0.174523982129039,631
"3457","7",-0.0179728666698838,502
"3458","4",-1.63380402265902,412
"3459","2",-0.851048445363247,754
"3460","5",-1.07469289601918,743
"3461","6",-0.739226220035278,606
"3462","3",-0.174523982129039,696
"3463","3",-1.18092401008075,732
"3464","1",-0.571492882043326,759
"3465","7",-0.571492882043326,483
"3466","7",-1.13060400868317,470
"3467","3",-1.13060400868317,573
"3468","6",-1.05232845095359,536
"3469","4",0.267173807916435,696
"3470","4",-1.07469289601918,646
"3471","1",-0.571492882043326,743
"3472","1",-0.851048445363247,697
"3474","2",-0.962870670691215,695
"3475","3",-0.851048445363247,688
"3476","6",-0.146568425797047,508
"3478","5",-1.85744847331496,476
"3479","1",-0.912550669293629,497
"3480","2",-0.677723996104896,609
"3481","5",0.378996033244403,746
"3482","2",-0.34784843138739,679
"3483","7",-0.851048445363247,500
"3486","1",-0.174523982129039,481
"3487","7",-1.07469289601918,539
"3488","7",-0.124203980731454,526
"3489","2",0.378996033244403,655
"3490","1",-0.34784843138739,615
"3493","2",0.0435293572604984,620
"3494","4",0.328676031846817,690
"3495","1",-0.236026206059422,560
"3496","6",-0.62740399470731,444
"3497","5",-0.0682928680674697,776
"3499","7",-0.286346207457008,532
"3501","5",-0.62740399470731,455
"3504","3",0.378996033244403,672
"3505","1",-0.521172880645741,623
"3506","3",-0.851048445363247,717
"3510","3",0.0435293572604984,541
"3511","3",-0.0179728666698838,546
"3512","3",-0.459670656715358,607
"3514","5",-1.46607068466707,437
"3517","4",-0.286346207457008,383
"3518","4",0.378996033244403,746
"3520","2",-0.236026206059422,440
"3521","1",-0.0179728666698838,613
"3522","1",-0.739226220035278,666
"3523","6",-0.789546221432864,629
"3524","4",-0.0682928680674697,652
"3526","4",-0.571492882043326,702
"3528","6",-1.3542484593391,502
"3532","1",-0.0179728666698838,547
"3533","2",-0.0682928680674697,493
"3534","1",-1.0243728946216,699
"3535","7",-1.18092401008075,429
"3536","5",-0.851048445363247,502
"3537","1",0.0938493586580844,618
"3539","2",-0.409350655317773,732
"3540","5",-0.0682928680674697,480
"3541","3",0.267173807916435,665
"3543","3",-0.236026206059422,635
"3544","4",-0.0179728666698838,696
"3545","6",-1.57789290999504,394
"3547","6",-0.174523982129039,626
"3548","3",-0.236026206059422,561
"3553","6",0.267173807916435,551
"3555","4",-1.13060400868317,545
"3556","7",-0.62740399470731,377
"3558","1",-0.739226220035278,647
"3559","2",-0.962870670691215,630
"3560","6",-0.0682928680674697,692
"3562","6",-0.62740399470731,463
"3563","6",-0.286346207457008,612
"3565","4",-0.62740399470731,384
"3566","5",-0.62740399470731,481
"3568","1",0.155351582588467,682
"3570","6",-0.677723996104896,506
"3572","6",0.485227147305973,500
"3574","3",-0.409350655317773,628
"3576","2",-0.750408442568075,671
"3577","5",-0.789546221432864,621
"3578","4",-0.236026206059422,637
"3579","7",-0.459670656715358,419
"3580","4",-0.459670656715358,669
"3581","5",0.434907145908387,616
"3583","6",-1.18092401008075,512
"3584","2",-0.962870670691215,647
"3585","2",-0.286346207457008,752
"3586","4",-0.236026206059422,707
"3588","2",-0.571492882043326,510
"3589","4",0.378996033244403,689
"3590","2",-1.07469289601918,733
"3591","2",-0.236026206059422,702
"3594","5",0.485227147305973,776
"3596","4",-0.124203980731454,663
"3598","7",-0.789546221432864,457
"3599","4",-0.962870670691215,428
"3600","2",-0.677723996104896,649
"3602","1",-0.174523982129039,668
"3603","2",-0.409350655317773,790
"3604","1",0.216853806518849,722
"3605","7",-0.459670656715358,425
"3606","3",-0.286346207457008,730
"3607","4",-0.677723996104896,647
"3608","7",-0.851048445363247,466
"3609","6",-1.24242623401113,465
"3610","3",-0.962870670691215,526
"3611","5",-0.459670656715358,617
"3613","7",-0.521172880645741,472
"3614","6",-1.29274623540872,529
"3615","3",-0.236026206059422,705
"3617","7",-0.409350655317773,500
"3622","3",-0.649768439772904,689
"3623","6",-0.459670656715358,456
"3624","4",-0.789546221432864,628
"3625","2",0.0938493586580844,599
"3629","5",0.378996033244403,777
"3630","7",-0.62740399470731,479
"3631","3",0.155351582588467,554
"3632","3",-0.912550669293629,713
"3634","2",-1.15296845374876,583
"3636","3",-0.236026206059422,615
"3638","2",0.155351582588467,538
"3639","7",-0.236026206059422,518
"3640","4",-0.789546221432864,378
"3641","6",-0.851048445363247,603
"3643","7",-0.286346207457008,519
"3644","6",-0.677723996104896,528
"3646","2",-0.174523982129039,741
"3647","6",-0.789546221432864,542
"3648","5",-1.07469289601918,576
"3649","5",0.267173807916435,710
"3650","4",-0.124203980731454,646
"3651","6",-0.851048445363247,571
"3653","4",-0.34784843138739,706
"3655","2",-1.13060400868317,514
"3656","1",-1.0243728946216,563
"3658","6",-1.46607068466707,479
"3659","6",-0.0682928680674697,597
"3660","6",-0.789546221432864,623
"3663","2",-0.739226220035278,647
"3664","3",-0.124203980731454,701
"3665","5",-0.459670656715358,702
"3666","7",-0.571492882043326,431
"3667","4",-0.521172880645741,469
"3668","6",-0.409350655317773,613
"3670","1",-0.677723996104896,641
"3673","3",-0.409350655317773,774
"3677","5",-0.459670656715358,641
"3678","6",-0.677723996104896,543
"3679","4",-0.951688448158418,623
"3680","7",0.155351582588467,415
"3681","7",-0.459670656715358,485
"3682","3",-0.912550669293629,662
"3683","2",0.0435293572604984,710
"3684","4",-0.124203980731454,797
"3687","1",-0.951688448158418,479
"3689","3",-1.13060400868317,807
"3690","5",-0.677723996104896,425
"3691","7",-0.912550669293629,446
"3692","1",-0.34784843138739,699
"3694","5",-0.0682928680674697,819
"3695","1",-1.68412402405661,710
"3697","1",-0.571492882043326,704
"3698","5",-0.962870670691215,654
"3700","5",-1.57789290999504,444
"3701","7",-1.07469289601918,517
"3702","3",-1.46607068466707,593
"3704","7",-0.174523982129039,532
"3705","4",-0.459670656715358,811
"3706","4",-1.13060400868317,635
"3707","1",-0.571492882043326,658
"3709","1",-0.0179728666698838,611
"3710","5",-0.951688448158418,672
"3711","3",-0.789546221432864,607
"3713","4",-1.24242623401113,515
"3715","1",-0.789546221432864,635
"3716","5",-0.677723996104896,633
"3717","1",-0.236026206059422,625
"3718","1",-1.15296845374876,611
"3719","4",-0.448488434182561,439
"3720","7",-0.286346207457008,474
"3721","3",-0.409350655317773,530
"3722","2",-0.146568425797047,648
"3724","3",-1.79594624938458,599
"3727","1",-0.649768439772904,585
"3728","4",-0.739226220035278,620
"3730","2",0.0938493586580844,684
"3731","1",-0.236026206059422,456
"3732","5",-0.459670656715358,676
"3733","3",-0.739226220035278,742
"3735","1",-0.34784843138739,748
"3736","2",-0.34784843138739,757
"3737","2",-0.174523982129039,595
"3740","3",-1.13060400868317,633
"3742","1",-1.24242623401113,743
"3743","3",-1.15296845374876,512
"3744","7",-1.3542484593391,415
"3747","6",-0.459670656715358,536
"3748","5",-0.962870670691215,682
"3749","5",-0.459670656715358,814
"3751","5",-1.13060400868317,677
"3752","5",-0.124203980731454,665
"3753","6",-0.677723996104896,458
"3754","5",-0.571492882043326,724
"3757","3",-1.0243728946216,625
"3758","7",-0.34784843138739,573
"3759","3",-0.174523982129039,742
"3760","4",-1.45488846213427,429
"3761","7",-0.124203980731454,529
"3762","6",-0.571492882043326,656
"3763","6",-0.409350655317773,613
"3765","7",-1.24242623401113,444
"3767","6",-0.789546221432864,527
"3768","2",-0.739226220035278,712
"3769","5",0.328676031846817,782
"3770","2",-0.0179728666698838,600
"3772","7",-0.962870670691215,532
"3773","5",-0.236026206059422,677
"3774","2",-1.3542484593391,765
"3775","5",-0.677723996104896,688
"3777","3",-0.951688448158418,718
"3778","4",-0.34784843138739,374
"3779","7",-1.55552846492945,494
"3780","1",-1.29274623540872,684
"3781","4",-0.521172880645741,550
"3782","3",-1.07469289601918,652
"3783","7",-1.63380402265902,465
"3784","3",-1.24242623401113,514
"3785","3",-1.29274623540872,749
"3786","1",-0.521172880645741,697
"3787","2",-1.07469289601918,731
"3788","7",-0.459670656715358,404
"3789","1",-1.24242623401113,580
"3790","6",-1.07469289601918,601
"3791","6",-0.286346207457008,499
"3792","1",-1.13060400868317,622
"3793","4",-1.41575068326949,681
"3794","1",-1.07469289601918,689
"3795","5",-0.851048445363247,841
"3796","7",-0.62740399470731,505
"3797","4",-1.0243728946216,806
"3798","5",-0.247208428592219,681
"3799","6",-0.236026206059422,568
"3800","7",-0.789546221432864,622
"3801","2",-0.571492882043326,684
"3802","5",-1.41575068326949,705
"3803","7",-0.571492882043326,558
"3804","5",-0.236026206059422,782
"3805","6",-1.46607068466707,652
"3806","4",-1.3542484593391,686
"3807","1",-1.46607068466707,651
"3808","4",-1.18092401008075,582
"3809","3",-1.3542484593391,631
"3810","2",-1.3542484593391,707
"3811","6",-0.739226220035278,628
"3815","4",-1.07469289601918,545
"3817","7",-0.951688448158418,448
"3818","5",-0.951688448158418,714
"3820","6",-0.789546221432864,629
"3821","7",0.0938493586580844,549
"3822","7",-0.912550669293629,420
"3824","1",-0.912550669293629,549
"3826","7",-1.29274623540872,455
"3828","3",-0.677723996104896,520
"3830","1",-0.789546221432864,684
"3831","4",-0.286346207457008,573
"3832","6",-0.851048445363247,628
"3833","2",-1.79594624938458,719
"3835","7",-0.677723996104896,485
"3836","6",0.0435293572604984,578
"3837","2",-0.677723996104896,553
"3838","3",-0.677723996104896,575
"3840","6",-1.0243728946216,523
"3841","2",-0.912550669293629,645
"3842","7",-1.46607068466707,547
"3843","6",-1.68412402405661,520
"3844","1",-0.62740399470731,737
"3845","2",-0.174523982129039,621
"3846","3",-0.521172880645741,655
"3847","1",-0.62740399470731,668
"3848","3",-1.07469289601918,501
"3849","3",-0.174523982129039,805
"3852","7",-0.649768439772904,455
"3853","1",-1.29274623540872,518
"3854","4",-0.962870670691215,527
"3855","1",-0.962870670691215,720
"3858","5",-0.677723996104896,674
"3860","5",-0.236026206059422,694
"3861","7",-0.789546221432864,384
"3863","5",-0.851048445363247,720
"3865","3",-1.41575068326949,676
"3867","3",-1.24242623401113,550
"3868","4",-1.07469289601918,635
"3869","7",-1.68412402405661,522
"3872","4",-0.34784843138739,745
"3873","1",-1.07469289601918,706
"3874","4",-1.05232845095359,542
"3875","6",-0.739226220035278,575
"3877","2",-0.912550669293629,711
"3878","6",-0.549128436977733,580
"3879","7",-1.07469289601918,510
"3880","6",-0.571492882043326,406
"3882","4",-1.13060400868317,620
"3884","4",-0.789546221432864,742
"3886","5",-1.18092401008075,682
"3887","6",-1.63380402265902,623
"3888","1",0.328676031846817,707
"3889","6",-0.62740399470731,355
"3890","7",-1.63380402265902,409
"3891","1",-0.286346207457008,621
"3896","5",-1.07469289601918,760
"3899","5",-0.962870670691215,648
"3902","2",-1.07469289601918,630
"3907","3",-0.62740399470731,555
"3908","5",-0.677723996104896,772
"3909","5",-0.174523982129039,759
"3910","2",-1.18092401008075,469
"3911","3",-1.24242623401113,689
"3912","1",-0.912550669293629,519
"3913","3",-1.74562624798699,461
"3914","1",-0.459670656715358,593
"3915","6",-1.63380402265902,538
"3917","2",-1.13060400868317,465
"3918","7",-0.236026206059422,518
"3919","5",-0.571492882043326,680
"3920","4",-1.68412402405661,428
"3921","4",-0.912550669293629,700
"3922","4",-0.286346207457008,668
"3924","2",-0.62740399470731,618
"3925","6",-2.36064848729082,565
"3926","1",0.0938493586580844,637
"3927","1",-1.07469289601918,665
"3928","5",-0.62740399470731,448
"3929","6",-0.851048445363247,565
"3930","3",-1.13060400868317,637
"3933","3",-1.46607068466707,552
"3935","1",-0.62740399470731,411
"3936","6",-1.52757290859745,505
"3940","2",-1.05232845095359,354
"3941","4",-1.13060400868317,607
"3942","6",-1.0243728946216,554
"3944","2",-0.146568425797047,699
"3945","7",-0.851048445363247,365
"3946","1",-1.24242623401113,566
"3947","7",-1.46607068466707,513
"3950","4",-1.41575068326949,599
"3952","4",-1.0243728946216,414
"3953","2",-1.46607068466707,539
"3954","7",-1.0243728946216,482
"3955","4",0.328676031846817,603
"3957","1",-0.912550669293629,791
"3959","2",-1.85744847331496,703
"3960","7",-1.3542484593391,456
"3961","1",-1.3542484593391,725
"3962","5",-1.41575068326949,476
"3965","2",-0.459670656715358,530
"3966","3",-0.286346207457008,546
"3967","7",-0.409350655317773,521
"3970","2",-1.18092401008075,443
"3972","6",-1.15296845374876,442
"3973","3",-0.409350655317773,578
"3975","2",-0.851048445363247,687
"3977","7",-0.571492882043326,394
"3978","7",-0.851048445363247,544
"3980","3",-2.0810929239709,577
"3981","5",-0.34784843138739,767
"3982","2",-0.409350655317773,667
"3983","2",-0.236026206059422,704
"3984","5",-1.68412402405661,695
"3987","7",0.328676031846817,505
"3988","3",-1.57789290999504,701
"3990","5",-0.851048445363247,446
"3992","7",-0.962870670691215,469
"3994","6",-0.521172880645741,577
"3995","1",-0.0179728666698838,644
"3997","1",-0.409350655317773,619
"3998","3",-0.677723996104896,519
"3999","4",-0.34784843138739,693
"4000","6",-0.571492882043326,475
"4001","7",-1.24242623401113,500
"4002","2",-0.0682928680674697,515
"4003","5",-1.79594624938458,698
"4005","4",-1.07469289601918,606
"4006","7",-1.07469289601918,439
"4008","5",-0.912550669293629,692
"4009","5",-1.74562624798699,792
"4010","2",-0.0682928680674697,746
"4011","1",-0.851048445363247,394
"4012","3",0.155351582588467,673
"4013","6",-0.236026206059422,395
"4015","5",-0.851048445363247,563
"4016","2",-0.571492882043326,657
"4017","6",-1.46607068466707,661
"4018","2",-0.34784843138739,578
"4019","5",-1.13060400868317,673
"4020","1",-0.62740399470731,612
"4022","3",-1.05232845095359,569
"4024","6",-1.24242623401113,555
"4025","6",-1.29274623540872,567
"4027","5",-1.52757290859745,687
"4028","5",-2.4221507112212,598
"4029","4",-0.459670656715358,623
"4030","7",-2.4221507112212,462
"4031","1",-0.962870670691215,476
"4033","3",-0.409350655317773,514
"4035","2",-1.57789290999504,700
"4036","6",-1.18092401008075,465
"4038","5",-1.29274623540872,652
"4039","2",-0.286346207457008,569
"4040","7",-1.0243728946216,500
"4044","4",-1.79594624938458,648
"4047","2",-1.57789290999504,620
"4048","3",-1.29274623540872,649
"4050","4",-2.29914626336043,609
"4051","1",-1.55552846492945,482
"4052","1",-1.46607068466707,639
"4053","1",-1.57789290999504,722
"4054","2",-1.07469289601918,533
"4055","3",-1.57789290999504,605
"4056","2",-1.05232845095359,732
"4057","6",-0.124203980731454,594
"4058","2",-0.62740399470731,645
"4060","7",-1.24242623401113,409
"4061","6",-1.74562624798699,690
"4062","1",-0.236026206059422,490
"4063","4",-1.29274623540872,597
"4064","3",-1.63380402265902,701
"4068","3",-0.571492882043326,700
"4069","4",-0.409350655317773,734
"4070","4",-1.41575068326949,669
"4073","1",-1.41575068326949,640
"4074","5",-0.62740399470731,690
"4075","6",-0.851048445363247,566
"4076","6",-0.459670656715358,624
"4077","3",-0.236026206059422,651
"4080","7",-1.29274623540872,408
"4083","6",-1.0243728946216,592
"4084","5",-1.07469289601918,583
"4085","4",-0.62740399470731,621
"4086","2",-1.18092401008075,611
"4087","7",-1.41575068326949,450
"4089","1",-1.46607068466707,580
"4090","2",-1.52757290859745,543
"4091","6",-1.18092401008075,594
"4093","4",-1.15296845374876,606
"4096","2",0.155351582588467,755
"4097","5",-1.41575068326949,701
"4098","4",-1.29274623540872,749
"4099","7",-0.521172880645741,503
"4100","1",-1.29274623540872,579
"4103","6",-1.13060400868317,480
"4104","4",-1.63380402265902,699
"4105","3",-0.962870670691215,590
"4106","5",-0.521172880645741,751
"4108","1",-0.851048445363247,649
"4109","3",-0.851048445363247,709
"4110","3",-1.45488846213427,531
"4113","5",-1.3542484593391,557
"4114","1",-1.3542484593391,518
"4117","7",-0.851048445363247,493
"4118","2",-1.29274623540872,645
"4119","6",-1.13060400868317,542
"4121","7",-1.15296845374876,411
"4122","4",-0.739226220035278,525
